CID,Type,Impact,Status,First Detected,Owner,Classification,Severity,Action,Component,Category,File,Function,CWE,Standard: 2022 CWE Top 25
642299,Bad use of null-like value,Medium,New,01/19/26,Unassigned,Unclassified,Unspecified,Undecided,Other,Null pointer dereferences,/Users/zax/Documents/Project_TPA_SCAN/VA146/TPA-F02/src/query-shipper-nomination-file/query-shipper-nomination-file.service.ts,versionValidate,476,Rank-11
642408,Property access or function call before check for null or undefined,Medium,New,01/19/26,Unassigned,Unclassified,Unspecified,Undecided,Other,Null pointer dereferences,/Users/zax/Documents/Project_TPA_SCAN/VA146/TPA-F02/src/event/event.service.ts,useReqs,476,Rank-11
642383,Property access or function call before check for null or undefined,Medium,New,01/19/26,Unassigned,Unclassified,Unspecified,Undecided,Other,Null pointer dereferences,/Users/zax/Documents/Project_TPA_SCAN/VA146/TPA-F02/src/common/utils/write-req.util.ts,useReqs,476,Rank-11
642369,Bad use of null-like value,Medium,New,01/19/26,Unassigned,Unclassified,Unspecified,Undecided,Other,Null pointer dereferences,/Users/zax/Documents/Project_TPA_SCAN/VA146/TPA-F02/src/allocation/allocation.service.ts,uploadFile,476,Rank-11
642657,Property access or function call before check for null or undefined,Medium,New,01/19/26,Unassigned,Unclassified,Unspecified,Undecided,Other,Null pointer dereferences,/Users/zax/Documents/Project_TPA_SCAN/VA146/TPA-F02/src/capacity/capacity.service.ts,updateStatusCapacityRequestManagementCheck,476,Rank-11
642628,Property access or function call before check for null or undefined,Medium,New,01/19/26,Unassigned,Unclassified,Unspecified,Undecided,Other,Null pointer dereferences,/Users/zax/Documents/Project_TPA_SCAN/VA146/TPA-F02/src/capacity/capacity.service.ts,updateStatusCapacityRequestManagementCheck,476,Rank-11
642624,Bad use of null-like value,Medium,New,01/19/26,Unassigned,Unclassified,Unspecified,Undecided,Other,Null pointer dereferences,/Users/zax/Documents/Project_TPA_SCAN/VA146/TPA-F02/src/capacity/capacity.service.ts,updateStatusCapacityRequestManagementCheck,476,Rank-11
642593,Bad use of null-like value,Medium,New,01/19/26,Unassigned,Unclassified,Unspecified,Undecided,Other,Null pointer dereferences,/Users/zax/Documents/Project_TPA_SCAN/VA146/TPA-F02/src/capacity/capacity.service.ts,updateStatusCapacityRequestManagementCheck,476,Rank-11
642571,Property access or function call before check for null or undefined,Medium,New,01/19/26,Unassigned,Unclassified,Unspecified,Undecided,Other,Null pointer dereferences,/Users/zax/Documents/Project_TPA_SCAN/VA146/TPA-F02/src/capacity/capacity.service.ts,updateStatusCapacityRequestManagementCheck,476,Rank-11
642341,Bad use of null-like value,Medium,New,01/19/26,Unassigned,Unclassified,Unspecified,Undecided,Other,Null pointer dereferences,/Users/zax/Documents/Project_TPA_SCAN/VA146/TPA-F02/src/capacity/capacity.service.ts,updateStatusCapacityRequestManagementCheck,476,Rank-11
642637,Bad use of null-like value,Medium,New,01/19/26,Unassigned,Unclassified,Unspecified,Undecided,Other,Null pointer dereferences,/Users/zax/Documents/Project_TPA_SCAN/VA146/TPA-F02/src/capacity/capacity.service.ts,updateStatusCapacityRequestManagement,476,Rank-11
642508,Bad use of null-like value,Medium,New,01/19/26,Unassigned,Unclassified,Unspecified,Undecided,Other,Null pointer dereferences,/Users/zax/Documents/Project_TPA_SCAN/VA146/TPA-F02/src/capacity/capacity.service.ts,updateStatusCapacityRequestManagement,476,Rank-11
642483,Property access or function call before check for null or undefined,Medium,New,01/19/26,Unassigned,Unclassified,Unspecified,Undecided,Other,Null pointer dereferences,/Users/zax/Documents/Project_TPA_SCAN/VA146/TPA-F02/src/capacity-v2/capacity-v2.service.ts,updateStatusCapacityRequestManagement,476,Rank-11
642375,Bad use of null-like value,Medium,New,01/19/26,Unassigned,Unclassified,Unspecified,Undecided,Other,Null pointer dereferences,/Users/zax/Documents/Project_TPA_SCAN/VA146/TPA-F02/src/capacity/capacity.service.ts,updateStatusCapacityRequestManagement,476,Rank-11
642362,Property access or function call before check for null or undefined,Medium,New,01/19/26,Unassigned,Unclassified,Unspecified,Undecided,Other,Null pointer dereferences,/Users/zax/Documents/Project_TPA_SCAN/VA146/TPA-F02/src/capacity-v2/capacity-v2-2.service.ts,updateStatusCapacityRequestManagement,476,Rank-11
642489,Bad use of null-like value,Medium,New,01/19/26,Unassigned,Unclassified,Unspecified,Undecided,Other,Null pointer dereferences,/Users/zax/Documents/Project_TPA_SCAN/VA146/TPA-F02/src/metering-management/metering-management.service.ts,updateExecuteStatus,476,Rank-11
642516,Property access or function call before check for null or undefined,Medium,New,01/19/26,Unassigned,Unclassified,Unspecified,Undecided,Other,Null pointer dereferences,/Users/zax/Documents/Project_TPA_SCAN/VA146/TPA-F02/src/export-files/export-files.service.ts,tariffChargeReportCapacityOveruseChargeEntryExit,476,Rank-11
642584,Property access or function call before check for null or undefined,Medium,New,01/19/26,Unassigned,Unclassified,Unspecified,Undecided,Other,Null pointer dereferences,/Users/zax/Documents/Project_TPA_SCAN/VA146/TPA-F02/src/account-manage/system-login.ts,systemLoginConfigEdit,476,Rank-11
642381,Property access or function call before check for null or undefined,Medium,New,01/19/26,Unassigned,Unclassified,Unspecified,Undecided,Other,Null pointer dereferences,/Users/zax/Documents/Project_TPA_SCAN/VA146/TPA-F02/src/balancing/balancing.service.ts,systemAccImbalanceInventory2,476,Rank-11
642561,Property access or function call before check for null or undefined,Medium,New,01/19/26,Unassigned,Unclassified,Unspecified,Undecided,Other,Null pointer dereferences,/Users/zax/Documents/Project_TPA_SCAN/VA146/TPA-F02/src/query-shipper-nomination-file/query-shipper-nomination-file.service.ts,shipperNominationReport,476,Rank-11
642398,Property access or function call before check for null or undefined,Medium,New,01/19/26,Unassigned,Unclassified,Unspecified,Undecided,Other,Null pointer dereferences,/Users/zax/Documents/Project_TPA_SCAN/VA146/TPA-F02/src/allocation/allocation.controller.ts,shipperAllocationReview,476,Rank-11
642378,Bad use of null-like value,Medium,New,01/19/26,Unassigned,Unclassified,Unspecified,Undecided,Other,Null pointer dereferences,/Users/zax/Documents/Project_TPA_SCAN/VA146/TPA-F02/src/allocation/allocation.controller.ts,sendData,476,Rank-11
642287,Property access or function call before check for null or undefined,Medium,New,01/19/26,Unassigned,Unclassified,Unspecified,Undecided,Other,Null pointer dereferences,/Users/zax/Documents/Project_TPA_SCAN/VA146/TPA-F02/src/allocation/allocation.service.ts,selectNomination,476,Rank-11
642533,Property access or function call before check for null or undefined,Medium,New,01/19/26,Unassigned,Unclassified,Unspecified,Undecided,Other,Null pointer dereferences,/Users/zax/Documents/Project_TPA_SCAN/VA146/TPA-F02/src/account-manage/role-master.ts,roleActivePermission,476,Rank-11
642329,Property access or function call before check for null or undefined,Medium,New,01/19/26,Unassigned,Unclassified,Unspecified,Undecided,Other,Null pointer dereferences,/Users/zax/Documents/Project_TPA_SCAN/VA146/TPA-F02/src/capacity-v2/capacity-middle.service.ts,processGenPublicData,476,Rank-11
642293,Logically dead code,Medium,New,01/19/26,Unassigned,Unclassified,Unspecified,Undecided,Other,Control flow issues,/Users/zax/Documents/Project_TPA_SCAN/VA146/TPA-F02/src/capacity-v2/capacity-middle.service.ts,processGenPublicData,561,None
642659,Property access or function call before check for null or undefined,Medium,New,01/19/26,Unassigned,Unclassified,Unspecified,Undecided,Other,Null pointer dereferences,/Users/zax/Documents/Project_TPA_SCAN/VA146/TPA-F02/src/capacity/capacity.service.ts,pathDetailCreate,476,Rank-11
642641,Property access or function call before check for null or undefined,Medium,New,01/19/26,Unassigned,Unclassified,Unspecified,Undecided,Other,Null pointer dereferences,/Users/zax/Documents/Project_TPA_SCAN/VA146/TPA-F02/src/capacity/capacity.service.ts,pathDetailCreate,476,Rank-11
642627,Bad use of null-like value,Medium,New,01/19/26,Unassigned,Unclassified,Unspecified,Undecided,Other,Null pointer dereferences,/Users/zax/Documents/Project_TPA_SCAN/VA146/TPA-F02/src/capacity/capacity.service.ts,pathDetailCreate,476,Rank-11
642557,Property access or function call before check for null or undefined,Medium,New,01/19/26,Unassigned,Unclassified,Unspecified,Undecided,Other,Null pointer dereferences,/Users/zax/Documents/Project_TPA_SCAN/VA146/TPA-F02/src/capacity-v2/capacity-v2.controller.ts,pathDetailCapacityRequestManagementTranform,476,Rank-11
642311,Property access or function call before check for null or undefined,Medium,New,01/19/26,Unassigned,Unclassified,Unspecified,Undecided,Other,Null pointer dereferences,/Users/zax/Documents/Project_TPA_SCAN/VA146/TPA-F02/src/capacity/capacity.service.ts,pathDetailCapacityRequestManagement,476,Rank-11
642505,Bad use of null-like value,Medium,New,01/19/26,Unassigned,Unclassified,Unspecified,Undecided,Other,Null pointer dereferences,/Users/zax/Documents/Project_TPA_SCAN/VA146/TPA-F02/src/event/event.service.ts,ofoOnce,476,Rank-11
642485,Property access or function call before check for null or undefined,Medium,New,01/19/26,Unassigned,Unclassified,Unspecified,Undecided,Other,Null pointer dereferences,/Users/zax/Documents/Project_TPA_SCAN/VA146/TPA-F02/src/event/event.service.ts,ofoAll,476,Rank-11
642423,Bad use of null-like value,Medium,New,01/19/26,Unassigned,Unclassified,Unspecified,Undecided,Other,Null pointer dereferences,/Users/zax/Documents/Project_TPA_SCAN/VA146/TPA-F02/src/event/event.service.ts,ofoAll,476,Rank-11
642379,Property access or function call before check for null or undefined,Medium,New,01/19/26,Unassigned,Unclassified,Unspecified,Undecided,Other,Null pointer dereferences,/Users/zax/Documents/Project_TPA_SCAN/VA146/TPA-F02/src/event/event.service.ts,ofoAll,476,Rank-11
642428,Bad use of null-like value,Medium,New,01/19/26,Unassigned,Unclassified,Unspecified,Undecided,Other,Null pointer dereferences,/Users/zax/Documents/Project_TPA_SCAN/VA146/TPA-F02/src/event/event.service.ts,offspecGasOnce,476,Rank-11
642492,Property access or function call before check for null or undefined,Medium,New,01/19/26,Unassigned,Unclassified,Unspecified,Undecided,Other,Null pointer dereferences,/Users/zax/Documents/Project_TPA_SCAN/VA146/TPA-F02/src/event/event.service.ts,offspecGasAll,476,Rank-11
642551,Bad use of null-like value,Medium,New,01/19/26,Unassigned,Unclassified,Unspecified,Undecided,Other,Null pointer dereferences,/Users/zax/Documents/Project_TPA_SCAN/VA146/TPA-F02/src/capacity-v2/capacity-middle.service.ts,middleBooking,476,Rank-11
642464,Bad use of null-like value,Medium,New,01/19/26,Unassigned,Unclassified,Unspecified,Undecided,Other,Null pointer dereferences,/Users/zax/Documents/Project_TPA_SCAN/VA146/TPA-F02/src/capacity-v2/capacity-middle.service.ts,middleBooking,476,Rank-11
642613,Bad use of null-like value,Medium,New,01/19/26,Unassigned,Unclassified,Unspecified,Undecided,Other,Null pointer dereferences,/Users/zax/Documents/Project_TPA_SCAN/VA146/TPA-F02/src/metering-management/metering-management.service.ts,meteringRetrievingMasterCheckLimit,476,Rank-11
642604,Property access or function call before check for null or undefined,Medium,New,01/19/26,Unassigned,Unclassified,Unspecified,Undecided,Other,Null pointer dereferences,/Users/zax/Documents/Project_TPA_SCAN/VA146/TPA-F02/src/metering-management/metering-management.service.ts,meteredCompareAll,476,Rank-11
642525,Property access or function call before check for null or undefined,Medium,New,01/19/26,Unassigned,Unclassified,Unspecified,Undecided,Other,Null pointer dereferences,/Users/zax/Documents/Project_TPA_SCAN/VA146/TPA-F02/src/tariff/tariff.service.ts,invoiceSent,476,Rank-11
642376,Logically dead code,Medium,New,01/19/26,Unassigned,Unclassified,Unspecified,Undecided,Other,Control flow issues,/Users/zax/Documents/Project_TPA_SCAN/VA146/TPA-F02/src/balancing/balancing.service.ts,intradayBaseInentoryFromWebService,561,None
642518,Logically dead code,Medium,New,01/19/26,Unassigned,Unclassified,Unspecified,Undecided,Other,Control flow issues,/Users/zax/Documents/Project_TPA_SCAN/VA146/TPA-F02/src/balancing/balancing.service.ts,intradayAccImbalanceDashboard,561,None
642449,Property access or function call before check for null or undefined,Medium,New,01/19/26,Unassigned,Unclassified,Unspecified,Undecided,Other,Null pointer dereferences,/Users/zax/Documents/Project_TPA_SCAN/VA146/TPA-F02/src/export-files/export-files.service.ts,intradayAccImbalanceDashboard,476,Rank-11
642530,Property access or function call before check for null or undefined,Medium,New,01/19/26,Unassigned,Unclassified,Unspecified,Undecided,Other,Null pointer dereferences,/Users/zax/Documents/Project_TPA_SCAN/VA146/TPA-F02/src/capacity/capacity.controller.ts,importTemplate,476,Rank-11
642282,Property access or function call before check for null or undefined,Medium,New,01/19/26,Unassigned,Unclassified,Unspecified,Undecided,Other,Null pointer dereferences,/Users/zax/Documents/Project_TPA_SCAN/VA146/TPA-F02/src/release-capacity-submission/release-capacity-submission.service.ts,getReleaseGroupByEntryAreaAndDate,476,Rank-11
642626,Bad use of null-like value,Medium,New,01/19/26,Unassigned,Unclassified,Unspecified,Undecided,Other,Null pointer dereferences,/Users/zax/Documents/Project_TPA_SCAN/VA146/TPA-F02/src/release-capacity-submission/release-capacity-submission.service.ts,getRelease,476,Rank-11
642431,Bad use of null-like value,Medium,New,01/19/26,Unassigned,Unclassified,Unspecified,Undecided,Other,Null pointer dereferences,/Users/zax/Documents/Project_TPA_SCAN/VA146/TPA-F02/src/metering-management/metering-management.service.ts,getDataByRetrievingID,476,Rank-11
642527,Bad use of null-like value,Medium,New,01/19/26,Unassigned,Unclassified,Unspecified,Undecided,Other,Null pointer dereferences,/Users/zax/Documents/Project_TPA_SCAN/VA146/TPA-F02/src/common/utils/booking.util.ts,getBookingValueWithPath,476,Rank-11
642330,Bad use of null-like value,Medium,New,01/19/26,Unassigned,Unclassified,Unspecified,Undecided,Other,Null pointer dereferences,/Users/zax/Documents/Project_TPA_SCAN/VA146/TPA-F02/src/common/utils/booking.util.ts,getBookingValueWithPath,476,Rank-11
642322,Bad use of null-like value,Medium,New,01/19/26,Unassigned,Unclassified,Unspecified,Undecided,Other,Null pointer dereferences,/Users/zax/Documents/Project_TPA_SCAN/VA146/TPA-F02/src/bulletin-board/bulletin-board.service.ts,generateDailyArray,476,Rank-11
642462,Property access or function call before check for null or undefined,Medium,New,01/19/26,Unassigned,Unclassified,Unspecified,Undecided,Other,Null pointer dereferences,/Users/zax/Documents/Project_TPA_SCAN/VA146/TPA-F02/src/nomination-dashboard/nomination-dashboard.service.ts,fnCheckSheet2,476,Rank-11
642413,Bad use of null-like value,Medium,New,01/19/26,Unassigned,Unclassified,Unspecified,Undecided,Other,Null pointer dereferences,/Users/zax/Documents/Project_TPA_SCAN/VA146/TPA-F02/src/tariff/tariff.service.ts,findTag,476,Rank-11
642414,Bad use of null-like value,Medium,New,01/19/26,Unassigned,Unclassified,Unspecified,Undecided,Other,Null pointer dereferences,/Users/zax/Documents/Project_TPA_SCAN/VA146/TPA-F02/src/quality-evaluation/quality-evaluation.service.ts,findHVByDateAndArea,476,Rank-11
642404,Property access or function call before check for null or undefined,Medium,New,01/19/26,Unassigned,Unclassified,Unspecified,Undecided,Other,Null pointer dereferences,/Users/zax/Documents/Project_TPA_SCAN/VA146/TPA-F02/src/use-it-or-lose-it/use-it-or-lose-it.service.ts,findAll2,476,Rank-11
642537,Property access or function call before check for null or undefined,Medium,New,01/19/26,Unassigned,Unclassified,Unspecified,Undecided,Other,Null pointer dereferences,/Users/zax/Documents/Project_TPA_SCAN/VA146/TPA-F02/src/summary-nomination-report/summary-nomination-report.service.ts,findAll,476,Rank-11
642507,Property access or function call before check for null or undefined,Medium,New,01/19/26,Unassigned,Unclassified,Unspecified,Undecided,Other,Null pointer dereferences,/Users/zax/Documents/Project_TPA_SCAN/VA146/TPA-F02/src/summary-nomination-report/summary-nomination-report.service.ts,findAll,476,Rank-11
642493,Property access or function call before check for null or undefined,Medium,New,01/19/26,Unassigned,Unclassified,Unspecified,Undecided,Other,Null pointer dereferences,/Users/zax/Documents/Project_TPA_SCAN/VA146/TPA-F02/src/summary-nomination-report/summary-nomination-report.service.ts,findAll,476,Rank-11
642432,Property access or function call before check for null or undefined,Medium,New,01/19/26,Unassigned,Unclassified,Unspecified,Undecided,Other,Null pointer dereferences,/Users/zax/Documents/Project_TPA_SCAN/VA146/TPA-F02/src/summary-nomination-report/summary-nomination-report.service.ts,findAll,476,Rank-11
642353,Bad use of null-like value,Medium,New,01/19/26,Unassigned,Unclassified,Unspecified,Undecided,Other,Null pointer dereferences,/Users/zax/Documents/Project_TPA_SCAN/VA146/TPA-F02/src/summary-nomination-report/summary-nomination-report.service.ts,findAll,476,Rank-11
642614,Logically dead code,Medium,New,01/19/26,Unassigned,Unclassified,Unspecified,Undecided,Other,Control flow issues,/Users/zax/Documents/Project_TPA_SCAN/VA146/TPA-F02/src/export-files/export-files.service.ts,filterNestedObjectByPaths,561,None
642346,Property access or function call before check for null or undefined,Medium,New,01/19/26,Unassigned,Unclassified,Unspecified,Undecided,Other,Null pointer dereferences,/Users/zax/Documents/Project_TPA_SCAN/VA146/TPA-F02/src/capacity/capacity.controller.ts,fileCapacityBooking,476,Rank-11
642654,Bad use of null-like value,Medium,New,01/19/26,Unassigned,Unclassified,Unspecified,Undecided,Other,Null pointer dereferences,/Users/zax/Documents/Project_TPA_SCAN/VA146/TPA-F02/src/capacity/capacity.service.ts,extendDates,476,Rank-11
642455,Bad use of null-like value,Medium,New,01/19/26,Unassigned,Unclassified,Unspecified,Undecided,Other,Null pointer dereferences,/Users/zax/Documents/Project_TPA_SCAN/VA146/TPA-F02/src/capacity-v2/capacity-v2.service.ts,extendCapacityRequestManagementNotuse,476,Rank-11
642662,Bad use of null-like value,Medium,New,01/19/26,Unassigned,Unclassified,Unspecified,Undecided,Other,Null pointer dereferences,/Users/zax/Documents/Project_TPA_SCAN/VA146/TPA-F02/src/capacity/capacity.service.ts,extendCapacityRequestManagement,476,Rank-11
642649,Bad use of null-like value,Medium,New,01/19/26,Unassigned,Unclassified,Unspecified,Undecided,Other,Null pointer dereferences,/Users/zax/Documents/Project_TPA_SCAN/VA146/TPA-F02/src/capacity/capacity.service.ts,extendCapacityRequestManagement,476,Rank-11
642586,Property access or function call before check for null or undefined,Medium,New,01/19/26,Unassigned,Unclassified,Unspecified,Undecided,Other,Null pointer dereferences,/Users/zax/Documents/Project_TPA_SCAN/VA146/TPA-F02/src/capacity-v2/capacity-v2.service.ts,extendCapacityRequestManagement,476,Rank-11
642575,Bad use of null-like value,Medium,New,01/19/26,Unassigned,Unclassified,Unspecified,Undecided,Other,Null pointer dereferences,/Users/zax/Documents/Project_TPA_SCAN/VA146/TPA-F02/src/capacity-v2/capacity-v2.service.ts,extendCapacityRequestManagement,476,Rank-11
642512,Bad use of null-like value,Medium,New,01/19/26,Unassigned,Unclassified,Unspecified,Undecided,Other,Null pointer dereferences,/Users/zax/Documents/Project_TPA_SCAN/VA146/TPA-F02/src/capacity-v2/capacity-v2.service.ts,extendCapacityRequestManagement,476,Rank-11
642434,Bad use of null-like value,Medium,New,01/19/26,Unassigned,Unclassified,Unspecified,Undecided,Other,Null pointer dereferences,/Users/zax/Documents/Project_TPA_SCAN/VA146/TPA-F02/src/capacity/capacity.service.ts,extendCapacityRequestManagement,476,Rank-11
642424,Bad use of null-like value,Medium,New,01/19/26,Unassigned,Unclassified,Unspecified,Undecided,Other,Null pointer dereferences,/Users/zax/Documents/Project_TPA_SCAN/VA146/TPA-F02/src/capacity/capacity.service.ts,extendCapacityRequestManagement,476,Rank-11
642364,Bad use of null-like value,Medium,New,01/19/26,Unassigned,Unclassified,Unspecified,Undecided,Other,Null pointer dereferences,/Users/zax/Documents/Project_TPA_SCAN/VA146/TPA-F02/src/capacity/capacity.service.ts,extendCapacityRequestManagement,476,Rank-11
642359,Bad use of null-like value,Medium,New,01/19/26,Unassigned,Unclassified,Unspecified,Undecided,Other,Null pointer dereferences,/Users/zax/Documents/Project_TPA_SCAN/VA146/TPA-F02/src/capacity/capacity.service.ts,extendCapacityRequestManagement,476,Rank-11
642327,Bad use of null-like value,Medium,New,01/19/26,Unassigned,Unclassified,Unspecified,Undecided,Other,Null pointer dereferences,/Users/zax/Documents/Project_TPA_SCAN/VA146/TPA-F02/src/capacity-v2/capacity-v2-2.service.ts,extendCapacityRequestManagement,476,Rank-11
642302,Bad use of null-like value,Medium,New,01/19/26,Unassigned,Unclassified,Unspecified,Undecided,Other,Null pointer dereferences,/Users/zax/Documents/Project_TPA_SCAN/VA146/TPA-F02/src/capacity/capacity.service.ts,extendCapacityRequestManagement,476,Rank-11
642504,Property access or function call before check for null or undefined,Medium,New,01/19/26,Unassigned,Unclassified,Unspecified,Undecided,Other,Null pointer dereferences,/Users/zax/Documents/Project_TPA_SCAN/VA146/TPA-F02/src/export-files/export-file-tariff-commodity.service.ts,exportStatementOfGasAllocationMultiSheet,476,Rank-11
642336,Bad use of null-like value,Medium,New,01/19/26,Unassigned,Unclassified,Unspecified,Undecided,Other,Null pointer dereferences,/Users/zax/Documents/Project_TPA_SCAN/VA146/TPA-F02/src/export-files/export-file-tariff-commodity.service.ts,exportStatementOfGasAllocationMultiSheet,476,Rank-11
642409,Bad use of null-like value,Medium,New,01/19/26,Unassigned,Unclassified,Unspecified,Undecided,Other,Null pointer dereferences,/Users/zax/Documents/Project_TPA_SCAN/VA146/TPA-F02/src/allocation/allocation.service.ts,executeData,476,Rank-11
642284,Bad use of null-like value,Medium,New,01/19/26,Unassigned,Unclassified,Unspecified,Undecided,Other,Null pointer dereferences,/Users/zax/Documents/Project_TPA_SCAN/VA146/TPA-F02/src/allocation/allocation.service.ts,executeData,476,Rank-11
642647,Property access or function call before check for null or undefined,Medium,New,01/19/26,Unassigned,Unclassified,Unspecified,Undecided,Other,Null pointer dereferences,/Users/zax/Documents/Project_TPA_SCAN/VA146/TPA-F02/src/astos/astos.service.ts,eviden_nomination_eod,476,Rank-11
642535,Logically dead code,Medium,New,01/19/26,Unassigned,Unclassified,Unspecified,Undecided,Other,Control flow issues,/Users/zax/Documents/Project_TPA_SCAN/VA146/TPA-F02/src/astos/astos.service.ts,eviden_nomination_eod,561,None
642521,Bad use of null-like value,Medium,New,01/19/26,Unassigned,Unclassified,Unspecified,Undecided,Other,Null pointer dereferences,/Users/zax/Documents/Project_TPA_SCAN/VA146/TPA-F02/src/astos/astos.service.ts,eviden_nomination_eod,476,Rank-11
642415,Property access or function call before check for null or undefined,Medium,New,01/19/26,Unassigned,Unclassified,Unspecified,Undecided,Other,Null pointer dereferences,/Users/zax/Documents/Project_TPA_SCAN/VA146/TPA-F02/src/balancing/balancing.service.ts,evidenApiCenter,476,Rank-11
642602,Property access or function call before check for null or undefined,Medium,New,01/19/26,Unassigned,Unclassified,Unspecified,Undecided,Other,Null pointer dereferences,/Users/zax/Documents/Project_TPA_SCAN/VA146/TPA-F02/src/allocation/allocation.service.ts,evidenApiAllocationIntraday,476,Rank-11
642368,Property access or function call before check for null or undefined,Medium,New,01/19/26,Unassigned,Unclassified,Unspecified,Undecided,Other,Null pointer dereferences,/Users/zax/Documents/Project_TPA_SCAN/VA146/TPA-F02/src/allocation/allocation.service.ts,evidenApiAllocationEod,476,Rank-11
642609,Property access or function call before check for null or undefined,Medium,New,01/19/26,Unassigned,Unclassified,Unspecified,Undecided,Other,Null pointer dereferences,/Users/zax/Documents/Project_TPA_SCAN/VA146/TPA-F02/src/allocation/allocation.service.ts,evidenApiAllocationContractPointIntradayByNom,476,Rank-11
642471,Property access or function call before check for null or undefined,Medium,New,01/19/26,Unassigned,Unclassified,Unspecified,Undecided,Other,Null pointer dereferences,/Users/zax/Documents/Project_TPA_SCAN/VA146/TPA-F02/src/allocation/allocation.service.ts,evidenApiAllocationContractPointIntraday,476,Rank-11
642324,Property access or function call before check for null or undefined,Medium,New,01/19/26,Unassigned,Unclassified,Unspecified,Undecided,Other,Null pointer dereferences,/Users/zax/Documents/Project_TPA_SCAN/VA146/TPA-F02/src/allocation/allocation.service.ts,evidenApiAllocationContractPointByNom,476,Rank-11
642515,Property access or function call before check for null or undefined,Medium,New,01/19/26,Unassigned,Unclassified,Unspecified,Undecided,Other,Null pointer dereferences,/Users/zax/Documents/Project_TPA_SCAN/VA146/TPA-F02/src/allocation/allocation.service.ts,evidenApiAllocationContractPoint,476,Rank-11
642490,Bad use of null-like value,Medium,New,01/19/26,Unassigned,Unclassified,Unspecified,Undecided,Other,Null pointer dereferences,/Users/zax/Documents/Project_TPA_SCAN/VA146/TPA-F02/src/export-files/export-files.service.ts,epNominationQualityPlanning,476,Rank-11
642391,Bad use of null-like value,Medium,New,01/19/26,Unassigned,Unclassified,Unspecified,Undecided,Other,Null pointer dereferences,/Users/zax/Documents/Project_TPA_SCAN/VA146/TPA-F02/src/export-files/export-files.service.ts,epNominationQualityPlanning,476,Rank-11
642553,Bad use of null-like value,Medium,New,01/19/26,Unassigned,Unclassified,Unspecified,Undecided,Other,Null pointer dereferences,/Users/zax/Documents/Project_TPA_SCAN/VA146/TPA-F02/src/export-files/export-files.service.ts,epNominationQualityEvaluation,476,Rank-11
642315,Bad use of null-like value,Medium,New,01/19/26,Unassigned,Unclassified,Unspecified,Undecided,Other,Null pointer dereferences,/Users/zax/Documents/Project_TPA_SCAN/VA146/TPA-F02/src/export-files/export-files.service.ts,epNominationQualityEvaluation,476,Rank-11
642572,Bad use of null-like value,Medium,New,01/19/26,Unassigned,Unclassified,Unspecified,Undecided,Other,Null pointer dereferences,/Users/zax/Documents/Project_TPA_SCAN/VA146/TPA-F02/src/export-files/export-files.service.ts,epMeretingMeteringMeteringChecking,476,Rank-11
642340,Bad use of null-like value,Medium,New,01/19/26,Unassigned,Unclassified,Unspecified,Undecided,Other,Null pointer dereferences,/Users/zax/Documents/Project_TPA_SCAN/VA146/TPA-F02/src/export-files/export-files.service.ts,epCapacityUseItOrLoseIt,476,Rank-11
642325,Property access or function call before check for null or undefined,Medium,New,01/19/26,Unassigned,Unclassified,Unspecified,Undecided,Other,Null pointer dereferences,/Users/zax/Documents/Project_TPA_SCAN/VA146/TPA-F02/src/export-files/export-files.service.ts,epCapacityUseItOrLoseIt,476,Rank-11
642496,Logically dead code,Medium,New,01/19/26,Unassigned,Unclassified,Unspecified,Undecided,Other,Control flow issues,/Users/zax/Documents/Project_TPA_SCAN/VA146/TPA-F02/src/export-files/export-files.service.ts,epAllocationAllocationReport,561,None
642500,Bad use of null-like value,Medium,New,01/19/26,Unassigned,Unclassified,Unspecified,Undecided,Other,Null pointer dereferences,/Users/zax/Documents/Project_TPA_SCAN/VA146/TPA-F02/src/event/event.service.ts,emerOnce,476,Rank-11
642531,Property access or function call before check for null or undefined,Medium,New,01/19/26,Unassigned,Unclassified,Unspecified,Undecided,Other,Null pointer dereferences,/Users/zax/Documents/Project_TPA_SCAN/VA146/TPA-F02/src/event/event.service.ts,emerAll,476,Rank-11
642469,Bad use of null-like value,Medium,New,01/19/26,Unassigned,Unclassified,Unspecified,Undecided,Other,Null pointer dereferences,/Users/zax/Documents/Project_TPA_SCAN/VA146/TPA-F02/src/event/event.service.ts,emerAll,476,Rank-11
642396,Property access or function call before check for null or undefined,Medium,New,01/19/26,Unassigned,Unclassified,Unspecified,Undecided,Other,Null pointer dereferences,/Users/zax/Documents/Project_TPA_SCAN/VA146/TPA-F02/src/event/event.service.ts,emerAll,476,Rank-11
642440,Bad use of null-like value,Medium,New,01/19/26,Unassigned,Unclassified,Unspecified,Undecided,Other,Null pointer dereferences,/Users/zax/Documents/Project_TPA_SCAN/VA146/TPA-F02/src/query-shipper-nomination-file/query-shipper-nomination-file.service.ts,editRowJSON,476,Rank-11
642417,Property access or function call before check for null or undefined,Medium,New,01/19/26,Unassigned,Unclassified,Unspecified,Undecided,Other,Null pointer dereferences,/Users/zax/Documents/Project_TPA_SCAN/VA146/TPA-F02/src/account-manage/account-manage.service.ts,editAccount,476,Rank-11
642435,Property access or function call before check for null or undefined,Medium,New,01/19/26,Unassigned,Unclassified,Unspecified,Undecided,Other,Null pointer dereferences,/Users/zax/Documents/Project_TPA_SCAN/VA146/TPA-F02/src/event/event.service.ts,doc7Action,476,Rank-11
642534,Copy-paste error,Medium,New,01/19/26,Unassigned,Unclassified,Unspecified,Undecided,Other,Incorrect expression,/Users/zax/Documents/Project_TPA_SCAN/VA146/TPA-F02/src/event/event.service.ts,doc41PDF,398,None
642430,Same on both sides,Medium,New,01/19/26,Unassigned,Unclassified,Unspecified,Undecided,Other,Incorrect expression,/Users/zax/Documents/Project_TPA_SCAN/VA146/TPA-F02/src/event/event.service.ts,doc3PDF,1025,None
642539,Property access or function call before check for null or undefined,Medium,New,01/19/26,Unassigned,Unclassified,Unspecified,Undecided,Other,Null pointer dereferences,/Users/zax/Documents/Project_TPA_SCAN/VA146/TPA-F02/src/event/event.service.ts,doc3Find,476,Rank-11
642615,Bad use of null-like value,Medium,New,01/19/26,Unassigned,Unclassified,Unspecified,Undecided,Other,Null pointer dereferences,/Users/zax/Documents/Project_TPA_SCAN/VA146/TPA-F02/src/event/event.service.ts,doc1PDF,476,Rank-11
642598,Property access or function call before check for null or undefined,Medium,New,01/19/26,Unassigned,Unclassified,Unspecified,Undecided,Other,Null pointer dereferences,/Users/zax/Documents/Project_TPA_SCAN/VA146/TPA-F02/src/event/event.service.ts,doc1PDF,476,Rank-11
642465,Bad use of null-like value,Medium,New,01/19/26,Unassigned,Unclassified,Unspecified,Undecided,Other,Null pointer dereferences,/Users/zax/Documents/Project_TPA_SCAN/VA146/TPA-F02/src/planning-dashboard/planning-dashboard.service.ts,dashboardShort,476,Rank-11
642342,Bad use of null-like value,Medium,New,01/19/26,Unassigned,Unclassified,Unspecified,Undecided,Other,Null pointer dereferences,/Users/zax/Documents/Project_TPA_SCAN/VA146/TPA-F02/src/planning-dashboard/planning-dashboard.service.ts,dashboardMedium,476,Rank-11
642370,Bad use of null-like value,Medium,New,01/19/26,Unassigned,Unclassified,Unspecified,Undecided,Other,Null pointer dereferences,/Users/zax/Documents/Project_TPA_SCAN/VA146/TPA-F02/src/planning-dashboard/planning-dashboard.service.ts,dashboardLong,476,Rank-11
642510,Property access or function call before check for null or undefined,Medium,New,01/19/26,Unassigned,Unclassified,Unspecified,Undecided,Other,Null pointer dereferences,/Users/zax/Documents/Project_TPA_SCAN/VA146/TPA-F02/src/daily-adjustment/daily-adjustment.service.ts,dailyAdjustmentSummary,476,Rank-11
642318,Property access or function call before check for null or undefined,Medium,New,01/19/26,Unassigned,Unclassified,Unspecified,Undecided,Other,Null pointer dereferences,/Users/zax/Documents/Project_TPA_SCAN/VA146/TPA-F02/src/daily-adjustment/daily-adjustment.service.ts,dailyAdjustmentReportNow,476,Rank-11
642307,Bad use of null-like value,Medium,New,01/19/26,Unassigned,Unclassified,Unspecified,Undecided,Other,Null pointer dereferences,/Users/zax/Documents/Project_TPA_SCAN/VA146/TPA-F02/src/daily-adjustment/daily-adjustment.service.ts,dailyAdjustmentReport2,476,Rank-11
642319,Property access or function call before check for null or undefined,Medium,New,01/19/26,Unassigned,Unclassified,Unspecified,Undecided,Other,Null pointer dereferences,/Users/zax/Documents/Project_TPA_SCAN/VA146/TPA-F02/src/daily-adjustment/daily-adjustment.service.ts,dailyAdjustmentReport,476,Rank-11
642420,Property access or function call before check for null or undefined,Medium,New,01/19/26,Unassigned,Unclassified,Unspecified,Undecided,Other,Null pointer dereferences,/Users/zax/Documents/Project_TPA_SCAN/VA146/TPA-F02/src/allocation/allocation.service.ts,curtailmentsAllocationCalc,476,Rank-11
642642,Bad use of null-like value,Medium,New,01/19/26,Unassigned,Unclassified,Unspecified,Undecided,Other,Null pointer dereferences,/Users/zax/Documents/Project_TPA_SCAN/VA146/TPA-F02/src/upload-template-for-shipper/upload-template-for-shipper.service.ts,createTemplatesOld,476,Rank-11
642511,Property access or function call before check for null or undefined,Medium,New,01/19/26,Unassigned,Unclassified,Unspecified,Undecided,Other,Null pointer dereferences,/Users/zax/Documents/Project_TPA_SCAN/VA146/TPA-F02/src/upload-template-for-shipper/upload-template-for-shipper.service.ts,createTemplatesOld,476,Rank-11
642645,Bad use of null-like value,Medium,New,01/19/26,Unassigned,Unclassified,Unspecified,Undecided,Other,Null pointer dereferences,/Users/zax/Documents/Project_TPA_SCAN/VA146/TPA-F02/src/upload-template-for-shipper/upload-template-for-shipper.service.ts,createTemplates,476,Rank-11
642355,Property access or function call before check for null or undefined,Medium,New,01/19/26,Unassigned,Unclassified,Unspecified,Undecided,Other,Null pointer dereferences,/Users/zax/Documents/Project_TPA_SCAN/VA146/TPA-F02/src/upload-template-for-shipper/upload-template-for-shipper.service.ts,createTemplates,476,Rank-11
642656,Property access or function call before check for null or undefined,Medium,New,01/19/26,Unassigned,Unclassified,Unspecified,Undecided,Other,Null pointer dereferences,/Users/zax/Documents/Project_TPA_SCAN/VA146/TPA-F02/src/release-uioli-summary-management/release-uioli-summary-management.service.ts,confirmCapacity,476,Rank-11
642608,Bad use of null-like value,Medium,New,01/19/26,Unassigned,Unclassified,Unspecified,Undecided,Other,Null pointer dereferences,/Users/zax/Documents/Project_TPA_SCAN/VA146/TPA-F02/src/bulletin-board/bulletin-board.service.ts,checkDateRangeV2,476,Rank-11
642451,Bad use of null-like value,Medium,New,01/19/26,Unassigned,Unclassified,Unspecified,Undecided,Other,Null pointer dereferences,/Users/zax/Documents/Project_TPA_SCAN/VA146/TPA-F02/src/capacity-v2/capacity-middle.service.ts,checkDateRange,476,Rank-11
642313,Bad use of null-like value,Medium,New,01/19/26,Unassigned,Unclassified,Unspecified,Undecided,Other,Null pointer dereferences,/Users/zax/Documents/Project_TPA_SCAN/VA146/TPA-F02/src/bulletin-board/bulletin-board.service.ts,checkDateRange,476,Rank-11
642296,Bad use of null-like value,Medium,New,01/19/26,Unassigned,Unclassified,Unspecified,Undecided,Other,Null pointer dereferences,/Users/zax/Documents/Project_TPA_SCAN/VA146/TPA-F02/src/capacity-v2/capacity-middle.service.ts,checkDateRange,476,Rank-11
642644,Bad use of null-like value,Medium,New,01/19/26,Unassigned,Unclassified,Unspecified,Undecided,Other,Null pointer dereferences,/Users/zax/Documents/Project_TPA_SCAN/VA146/TPA-F02/src/capacity-v2/capacity-middle.service.ts,capacityRequestManagementDownload,476,Rank-11
642519,Property access or function call before check for null or undefined,Medium,New,01/19/26,Unassigned,Unclassified,Unspecified,Undecided,Other,Null pointer dereferences,/Users/zax/Documents/Project_TPA_SCAN/VA146/TPA-F02/src/capacity-v2/capacity-middle.service.ts,capacityRequestManagementDownload,476,Rank-11
642290,Property access or function call before check for null or undefined,Medium,New,01/19/26,Unassigned,Unclassified,Unspecified,Undecided,Other,Null pointer dereferences,/Users/zax/Documents/Project_TPA_SCAN/VA146/TPA-F02/src/capacity-v2/capacity-v2.service.ts,capacityRequestManagementDownload,476,Rank-11
642286,Property access or function call before check for null or undefined,Medium,New,01/19/26,Unassigned,Unclassified,Unspecified,Undecided,Other,Null pointer dereferences,/Users/zax/Documents/Project_TPA_SCAN/VA146/TPA-F02/src/capacity-v2/capacity-v2-2.service.ts,capacityRequestManagementDownload,476,Rank-11
642635,Bad use of null-like value,Medium,New,01/19/26,Unassigned,Unclassified,Unspecified,Undecided,Other,Null pointer dereferences,/Users/zax/Documents/Project_TPA_SCAN/VA146/TPA-F02/src/balancing/balancing.service.ts,balancingMonthlyReportDownloadUse,476,Rank-11
642536,Property access or function call before check for null or undefined,Medium,New,01/19/26,Unassigned,Unclassified,Unspecified,Undecided,Other,Null pointer dereferences,/Users/zax/Documents/Project_TPA_SCAN/VA146/TPA-F02/src/balancing/balancing.service.ts,balancingMonthlyReportApproved,476,Rank-11
642558,Bad use of null-like value,Medium,New,01/19/26,Unassigned,Unclassified,Unspecified,Undecided,Other,Null pointer dereferences,/Users/zax/Documents/Project_TPA_SCAN/VA146/TPA-F02/src/capacity-dashboard/capacity-dashboard.service.ts,areaDataGraph,476,Rank-11
642363,Property access or function call before check for null or undefined,Medium,New,01/19/26,Unassigned,Unclassified,Unspecified,Undecided,Other,Null pointer dereferences,/Users/zax/Documents/Project_TPA_SCAN/VA146/TPA-F02/src/allocation/allocation.service.ts,allocationShipperReportDownload,476,Rank-11
642522,Bad use of null-like value,Medium,New,01/19/26,Unassigned,Unclassified,Unspecified,Undecided,Other,Null pointer dereferences,/Users/zax/Documents/Project_TPA_SCAN/VA146/TPA-F02/src/allocation/allocation.service.ts,allocationShipperReportCallOnlyByNomination,476,Rank-11
642356,Property access or function call before check for null or undefined,Medium,New,01/19/26,Unassigned,Unclassified,Unspecified,Undecided,Other,Null pointer dereferences,/Users/zax/Documents/Project_TPA_SCAN/VA146/TPA-F02/src/allocation/allocation.service.ts,allocationReportViewSpeed,476,Rank-11
642595,Property access or function call before check for null or undefined,Medium,New,01/19/26,Unassigned,Unclassified,Unspecified,Undecided,Other,Null pointer dereferences,/Users/zax/Documents/Project_TPA_SCAN/VA146/TPA-F02/src/allocation/allocation.service.ts,allocationReportView,476,Rank-11
642288,Property access or function call before check for null or undefined,Medium,New,01/19/26,Unassigned,Unclassified,Unspecified,Undecided,Other,Null pointer dereferences,/Users/zax/Documents/Project_TPA_SCAN/VA146/TPA-F02/src/allocation/allocation.service.ts,allocationReport,476,Rank-11
642634,Bad use of null-like value,Medium,New,01/19/26,Unassigned,Unclassified,Unspecified,Undecided,Other,Null pointer dereferences,/Users/zax/Documents/Project_TPA_SCAN/VA146/TPA-F02/src/allocation/allocation.service.ts,allocationMonthlyReportDownloadUse,476,Rank-11
642554,Property access or function call before check for null or undefined,Medium,New,01/19/26,Unassigned,Unclassified,Unspecified,Undecided,Other,Null pointer dereferences,/Users/zax/Documents/Project_TPA_SCAN/VA146/TPA-F02/src/allocation/allocation.service.ts,allocationMonthlyReportApproved,476,Rank-11
642497,Bad use of null-like value,Medium,New,01/19/26,Unassigned,Unclassified,Unspecified,Undecided,Other,Null pointer dereferences,/Users/zax/Documents/Project_TPA_SCAN/VA146/TPA-F02/src/allocation/allocation.service.ts,allocationManagementSendEmail,476,Rank-11
642372,Property access or function call before check for null or undefined,Medium,New,01/19/26,Unassigned,Unclassified,Unspecified,Undecided,Other,Null pointer dereferences,/Users/zax/Documents/Project_TPA_SCAN/VA146/TPA-F02/src/allocation/allocation.service.ts,allocationManagementSendEmail,476,Rank-11
642543,Property access or function call before check for null or undefined,Medium,New,01/19/26,Unassigned,Unclassified,Unspecified,Undecided,Other,Null pointer dereferences,/Users/zax/Documents/Project_TPA_SCAN/VA146/TPA-F02/src/balancing/balancing.service.ts,adjustmentDailyImbalance,476,Rank-11
642599,Bad use of null-like value,Medium,New,01/19/26,Unassigned,Unclassified,Unspecified,Undecided,Other,Null pointer dereferences,/Users/zax/Documents/Project_TPA_SCAN/VA146/TPA-F02/src/balancing/balancing.service.ts,adjustAccumulatedImbalance,476,Rank-11
642590,Property access or function call before check for null or undefined,Medium,New,01/19/26,Unassigned,Unclassified,Unspecified,Undecided,Other,Null pointer dereferences,/Users/zax/Documents/Project_TPA_SCAN/VA146/TPA-F02/src/balancing/balancing.service.ts,adjustAccumulatedImbalance,476,Rank-11
642622,Property access or function call before check for null or undefined,Medium,New,01/19/26,Unassigned,Unclassified,Unspecified,Undecided,Other,Null pointer dereferences,/Users/zax/Documents/Project_TPA_SCAN/VA146/TPA-F02/src/export-files/export-file-tariff-commodity-a2.service.ts,addTotalRow,476,Rank-11
642596,Property access or function call before check for null or undefined,Medium,New,01/19/26,Unassigned,Unclassified,Unspecified,Undecided,Other,Null pointer dereferences,/Users/zax/Documents/Project_TPA_SCAN/VA146/TPA-F02/src/export-files/export-files.service.ts,addSection,476,Rank-11
642344,Property access or function call before check for null or undefined,Medium,New,01/19/26,Unassigned,Unclassified,Unspecified,Undecided,Other,Null pointer dereferences,/Users/zax/Documents/Project_TPA_SCAN/VA146/TPA-F02/src/export-files/export-file-tariff-commodity.service.ts,addHeaderSection,476,Rank-11
642565,Property access or function call before check for null or undefined,Medium,New,01/19/26,Unassigned,Unclassified,Unspecified,Undecided,Other,Null pointer dereferences,/Users/zax/Documents/Project_TPA_SCAN/VA146/TPA-F02/src/account-manage/account-manage.service.ts,accountReasonCreate,476,Rank-11
642548,Bad use of null-like value,Medium,New,01/19/26,Unassigned,Unclassified,Unspecified,Undecided,Other,Null pointer dereferences,/Users/zax/Documents/Project_TPA_SCAN/VA146/TPA-F02/src/account-manage/account-manage.service.ts,accountLocal,476,Rank-11
642664,Property access or function call before check for null or undefined,Medium,New,01/19/26,Unassigned,Unclassified,Unspecified,Undecided,Other,Null pointer dereferences,/Users/zax/Documents/Project_TPA_SCAN/VA146/TPA-F02/src/capacity-publication/capacity-publication.service.ts,<anonymous>,476,Rank-11
642663,Property access or function call before check for null or undefined,Medium,New,01/19/26,Unassigned,Unclassified,Unspecified,Undecided,Other,Null pointer dereferences,/Users/zax/Documents/Project_TPA_SCAN/VA146/TPA-F02/src/metering-management/metering-management.service.ts,<anonymous>,476,Rank-11
642661,Property access or function call before check for null or undefined,Medium,New,01/19/26,Unassigned,Unclassified,Unspecified,Undecided,Other,Null pointer dereferences,/Users/zax/Documents/Project_TPA_SCAN/VA146/TPA-F02/src/planning-dashboard/planning-dashboard.service.ts,<anonymous>,476,Rank-11
642660,Property access or function call before check for null or undefined,Medium,New,01/19/26,Unassigned,Unclassified,Unspecified,Undecided,Other,Null pointer dereferences,/Users/zax/Documents/Project_TPA_SCAN/VA146/TPA-F02/src/metering-management/metering-management.service.ts,<anonymous>,476,Rank-11
642658,Property access or function call before check for null or undefined,Medium,New,01/19/26,Unassigned,Unclassified,Unspecified,Undecided,Other,Null pointer dereferences,/Users/zax/Documents/Project_TPA_SCAN/VA146/TPA-F02/src/release-capacity-submission/release-capacity-submission.service.ts,<anonymous>,476,Rank-11
642655,Property access or function call before check for null or undefined,Medium,New,01/19/26,Unassigned,Unclassified,Unspecified,Undecided,Other,Null pointer dereferences,/Users/zax/Documents/Project_TPA_SCAN/VA146/TPA-F02/src/submission-file/submission-file-refactored.service.ts,<anonymous>,476,Rank-11
642653,Property access or function call before check for null or undefined,Medium,New,01/19/26,Unassigned,Unclassified,Unspecified,Undecided,Other,Null pointer dereferences,/Users/zax/Documents/Project_TPA_SCAN/VA146/TPA-F02/src/planning-dashboard/planning-dashboard.service.ts,<anonymous>,476,Rank-11
642652,Property access or function call before check for null or undefined,Medium,New,01/19/26,Unassigned,Unclassified,Unspecified,Undecided,Other,Null pointer dereferences,/Users/zax/Documents/Project_TPA_SCAN/VA146/TPA-F02/src/metering-management/metering-management.service.ts,<anonymous>,476,Rank-11
642651,Bad use of null-like value,Medium,New,01/19/26,Unassigned,Unclassified,Unspecified,Undecided,Other,Null pointer dereferences,/Users/zax/Documents/Project_TPA_SCAN/VA146/TPA-F02/src/planning-dashboard/planning-dashboard.service.ts,<anonymous>,476,Rank-11
642650,Bad use of null-like value,Medium,New,01/19/26,Unassigned,Unclassified,Unspecified,Undecided,Other,Null pointer dereferences,/Users/zax/Documents/Project_TPA_SCAN/VA146/TPA-F02/src/submission-file/submission-file-refactored.service.ts,<anonymous>,476,Rank-11
642648,Bad use of null-like value,Medium,New,01/19/26,Unassigned,Unclassified,Unspecified,Undecided,Other,Null pointer dereferences,/Users/zax/Documents/Project_TPA_SCAN/VA146/TPA-F02/src/export-files/export-files.service.ts,<anonymous>,476,Rank-11
642646,Property access or function call before check for null or undefined,Medium,New,01/19/26,Unassigned,Unclassified,Unspecified,Undecided,Other,Null pointer dereferences,/Users/zax/Documents/Project_TPA_SCAN/VA146/TPA-F02/src/submission-file/submission-file.service.ts,<anonymous>,476,Rank-11
642643,Bad use of null-like value,Medium,New,01/19/26,Unassigned,Unclassified,Unspecified,Undecided,Other,Null pointer dereferences,/Users/zax/Documents/Project_TPA_SCAN/VA146/TPA-F02/src/submission-file/submission-file.service.ts,<anonymous>,476,Rank-11
642640,Property access or function call before check for null or undefined,Medium,New,01/19/26,Unassigned,Unclassified,Unspecified,Undecided,Other,Null pointer dereferences,/Users/zax/Documents/Project_TPA_SCAN/VA146/TPA-F02/src/capacity-publication/capacity-publication.service.ts,<anonymous>,476,Rank-11
642639,Property access or function call before check for null or undefined,Medium,New,01/19/26,Unassigned,Unclassified,Unspecified,Undecided,Other,Null pointer dereferences,/Users/zax/Documents/Project_TPA_SCAN/VA146/TPA-F02/src/submission-file/submission-file.service.ts,<anonymous>,476,Rank-11
642638,Property access or function call before check for null or undefined,Medium,New,01/19/26,Unassigned,Unclassified,Unspecified,Undecided,Other,Null pointer dereferences,/Users/zax/Documents/Project_TPA_SCAN/VA146/TPA-F02/src/planning-dashboard/planning-dashboard.service.ts,<anonymous>,476,Rank-11
642636,Property access or function call before check for null or undefined,Medium,New,01/19/26,Unassigned,Unclassified,Unspecified,Undecided,Other,Null pointer dereferences,/Users/zax/Documents/Project_TPA_SCAN/VA146/TPA-F02/src/capacity-publication/capacity-publication.service.ts,<anonymous>,476,Rank-11
642633,Property access or function call before check for null or undefined,Medium,New,01/19/26,Unassigned,Unclassified,Unspecified,Undecided,Other,Null pointer dereferences,/Users/zax/Documents/Project_TPA_SCAN/VA146/TPA-F02/src/astos/astos.service.ts,<anonymous>,476,Rank-11
642632,Property access or function call before check for null or undefined,Medium,New,01/19/26,Unassigned,Unclassified,Unspecified,Undecided,Other,Null pointer dereferences,/Users/zax/Documents/Project_TPA_SCAN/VA146/TPA-F02/src/planning-dashboard/planning-dashboard.service.ts,<anonymous>,476,Rank-11
642631,Property access or function call before check for null or undefined,Medium,New,01/19/26,Unassigned,Unclassified,Unspecified,Undecided,Other,Null pointer dereferences,/Users/zax/Documents/Project_TPA_SCAN/VA146/TPA-F02/src/planning-dashboard/planning-dashboard.service.ts,<anonymous>,476,Rank-11
642630,Property access or function call before check for null or undefined,Medium,New,01/19/26,Unassigned,Unclassified,Unspecified,Undecided,Other,Null pointer dereferences,/Users/zax/Documents/Project_TPA_SCAN/VA146/TPA-F02/src/planning-dashboard/planning-dashboard.service.ts,<anonymous>,476,Rank-11
642629,Bad use of null-like value,Medium,New,01/19/26,Unassigned,Unclassified,Unspecified,Undecided,Other,Null pointer dereferences,/Users/zax/Documents/Project_TPA_SCAN/VA146/TPA-F02/src/submission-file/submission-file-refactored.service.ts,<anonymous>,476,Rank-11
642625,Bad use of null-like value,Medium,New,01/19/26,Unassigned,Unclassified,Unspecified,Undecided,Other,Null pointer dereferences,/Users/zax/Documents/Project_TPA_SCAN/VA146/TPA-F02/src/submission-file/submission-file.service.ts,<anonymous>,476,Rank-11
642623,Property access or function call before check for null or undefined,Medium,New,01/19/26,Unassigned,Unclassified,Unspecified,Undecided,Other,Null pointer dereferences,/Users/zax/Documents/Project_TPA_SCAN/VA146/TPA-F02/src/release-capacity-submission/release-capacity-submission.service.ts,<anonymous>,476,Rank-11
642621,Property access or function call before check for null or undefined,Medium,New,01/19/26,Unassigned,Unclassified,Unspecified,Undecided,Other,Null pointer dereferences,/Users/zax/Documents/Project_TPA_SCAN/VA146/TPA-F02/src/metering-management/metering-management.service.ts,<anonymous>,476,Rank-11
642617,Property access or function call before check for null or undefined,Medium,New,01/19/26,Unassigned,Unclassified,Unspecified,Undecided,Other,Null pointer dereferences,/Users/zax/Documents/Project_TPA_SCAN/VA146/TPA-F02/src/parking-allocation/parking-allocation.service.ts,<anonymous>,476,Rank-11
642612,Bad use of null-like value,Medium,New,01/19/26,Unassigned,Unclassified,Unspecified,Undecided,Other,Null pointer dereferences,/Users/zax/Documents/Project_TPA_SCAN/VA146/TPA-F02/src/export-files/export-files.service.ts,<anonymous>,476,Rank-11
642611,Property access or function call before check for null or undefined,Medium,New,01/19/26,Unassigned,Unclassified,Unspecified,Undecided,Other,Null pointer dereferences,/Users/zax/Documents/Project_TPA_SCAN/VA146/TPA-F02/src/export-files/export-files.service.ts,<anonymous>,476,Rank-11
642610,Property access or function call before check for null or undefined,Medium,New,01/19/26,Unassigned,Unclassified,Unspecified,Undecided,Other,Null pointer dereferences,/Users/zax/Documents/Project_TPA_SCAN/VA146/TPA-F02/src/balancing/balancing.service.ts,<anonymous>,476,Rank-11
642607,Property access or function call before check for null or undefined,Medium,New,01/19/26,Unassigned,Unclassified,Unspecified,Undecided,Other,Null pointer dereferences,/Users/zax/Documents/Project_TPA_SCAN/VA146/TPA-F02/src/export-files/export-files.service.ts,<anonymous>,476,Rank-11
642605,Bad use of null-like value,Medium,New,01/19/26,Unassigned,Unclassified,Unspecified,Undecided,Other,Null pointer dereferences,/Users/zax/Documents/Project_TPA_SCAN/VA146/TPA-F02/src/submission-file/submission-file.service.ts,<anonymous>,476,Rank-11
642603,Bad use of null-like value,Medium,New,01/19/26,Unassigned,Unclassified,Unspecified,Undecided,Other,Null pointer dereferences,/Users/zax/Documents/Project_TPA_SCAN/VA146/TPA-F02/src/export-files/export-file-tariff-commodity.service.ts,<anonymous>,476,Rank-11
642597,Property access or function call before check for null or undefined,Medium,New,01/19/26,Unassigned,Unclassified,Unspecified,Undecided,Other,Null pointer dereferences,/Users/zax/Documents/Project_TPA_SCAN/VA146/TPA-F02/src/summary-nomination-report/summary-nomination-report.service.ts,<anonymous>,476,Rank-11
642594,Property access or function call before check for null or undefined,Medium,New,01/19/26,Unassigned,Unclassified,Unspecified,Undecided,Other,Null pointer dereferences,/Users/zax/Documents/Project_TPA_SCAN/VA146/TPA-F02/src/allocation/allocation.service.ts,<anonymous>,476,Rank-11
642592,Property access or function call before check for null or undefined,Medium,New,01/19/26,Unassigned,Unclassified,Unspecified,Undecided,Other,Null pointer dereferences,/Users/zax/Documents/Project_TPA_SCAN/VA146/TPA-F02/src/export-files/export-files.service.ts,<anonymous>,476,Rank-11
642589,Bad use of null-like value,Medium,New,01/19/26,Unassigned,Unclassified,Unspecified,Undecided,Other,Null pointer dereferences,/Users/zax/Documents/Project_TPA_SCAN/VA146/TPA-F02/src/allocation/allocation.service.ts,<anonymous>,476,Rank-11
642587,Property access or function call before check for null or undefined,Medium,New,01/19/26,Unassigned,Unclassified,Unspecified,Undecided,Other,Null pointer dereferences,/Users/zax/Documents/Project_TPA_SCAN/VA146/TPA-F02/src/event/event.service.ts,<anonymous>,476,Rank-11
642585,Property access or function call before check for null or undefined,Medium,New,01/19/26,Unassigned,Unclassified,Unspecified,Undecided,Other,Null pointer dereferences,/Users/zax/Documents/Project_TPA_SCAN/VA146/TPA-F02/src/common/utils/allcation.util.ts,<anonymous>,476,Rank-11
642583,Property access or function call before check for null or undefined,Medium,New,01/19/26,Unassigned,Unclassified,Unspecified,Undecided,Other,Null pointer dereferences,/Users/zax/Documents/Project_TPA_SCAN/VA146/TPA-F02/src/daily-adjustment/daily-adjustment.service.ts,<anonymous>,476,Rank-11
642582,Property access or function call before check for null or undefined,Medium,New,01/19/26,Unassigned,Unclassified,Unspecified,Undecided,Other,Null pointer dereferences,/Users/zax/Documents/Project_TPA_SCAN/VA146/TPA-F02/src/export-files/export-files.service.ts,<anonymous>,476,Rank-11
642581,Property access or function call before check for null or undefined,Medium,New,01/19/26,Unassigned,Unclassified,Unspecified,Undecided,Other,Null pointer dereferences,/Users/zax/Documents/Project_TPA_SCAN/VA146/TPA-F02/src/allocation/allocation.service.ts,<anonymous>,476,Rank-11
642580,Property access or function call before check for null or undefined,Medium,New,01/19/26,Unassigned,Unclassified,Unspecified,Undecided,Other,Null pointer dereferences,/Users/zax/Documents/Project_TPA_SCAN/VA146/TPA-F02/src/event/event.service.ts,<anonymous>,476,Rank-11
642579,Logically dead code,Medium,New,01/19/26,Unassigned,Unclassified,Unspecified,Undecided,Other,Control flow issues,/Users/zax/Documents/Project_TPA_SCAN/VA146/TPA-F02/src/balancing/balancing.service.ts,<anonymous>,561,None
642578,Property access or function call before check for null or undefined,Medium,New,01/19/26,Unassigned,Unclassified,Unspecified,Undecided,Other,Null pointer dereferences,/Users/zax/Documents/Project_TPA_SCAN/VA146/TPA-F02/src/event/event.service.ts,<anonymous>,476,Rank-11
642577,Property access or function call before check for null or undefined,Medium,New,01/19/26,Unassigned,Unclassified,Unspecified,Undecided,Other,Null pointer dereferences,/Users/zax/Documents/Project_TPA_SCAN/VA146/TPA-F02/src/quality-evaluation/quality-evaluation.service.ts,<anonymous>,476,Rank-11
642574,Property access or function call before check for null or undefined,Medium,New,01/19/26,Unassigned,Unclassified,Unspecified,Undecided,Other,Null pointer dereferences,/Users/zax/Documents/Project_TPA_SCAN/VA146/TPA-F02/src/capacity-publication/capacity-publication.service.ts,<anonymous>,476,Rank-11
642570,Property access or function call before check for null or undefined,Medium,New,01/19/26,Unassigned,Unclassified,Unspecified,Undecided,Other,Null pointer dereferences,/Users/zax/Documents/Project_TPA_SCAN/VA146/TPA-F02/src/parking-allocation/parking-allocation.service.ts,<anonymous>,476,Rank-11
642568,Property access or function call before check for null or undefined,Medium,New,01/19/26,Unassigned,Unclassified,Unspecified,Undecided,Other,Null pointer dereferences,/Users/zax/Documents/Project_TPA_SCAN/VA146/TPA-F02/src/balancing/balancing.service.ts,<anonymous>,476,Rank-11
642567,Property access or function call before check for null or undefined,Medium,New,01/19/26,Unassigned,Unclassified,Unspecified,Undecided,Other,Null pointer dereferences,/Users/zax/Documents/Project_TPA_SCAN/VA146/TPA-F02/src/event/event.service.ts,<anonymous>,476,Rank-11
642564,Bad use of null-like value,Medium,New,01/19/26,Unassigned,Unclassified,Unspecified,Undecided,Other,Null pointer dereferences,/Users/zax/Documents/Project_TPA_SCAN/VA146/TPA-F02/src/submission-file/submission-file2.service.ts,<anonymous>,476,Rank-11
642562,Bad use of null-like value,Medium,New,01/19/26,Unassigned,Unclassified,Unspecified,Undecided,Other,Null pointer dereferences,/Users/zax/Documents/Project_TPA_SCAN/VA146/TPA-F02/src/export-files/export-files.service.ts,<anonymous>,476,Rank-11
642560,Property access or function call before check for null or undefined,Medium,New,01/19/26,Unassigned,Unclassified,Unspecified,Undecided,Other,Null pointer dereferences,/Users/zax/Documents/Project_TPA_SCAN/VA146/TPA-F02/src/minimum-inventory-summary/minimum-inventory-summary.service.ts,<anonymous>,476,Rank-11
642559,Bad use of null-like value,Medium,New,01/19/26,Unassigned,Unclassified,Unspecified,Undecided,Other,Null pointer dereferences,/Users/zax/Documents/Project_TPA_SCAN/VA146/TPA-F02/src/submission-file/submission-file-refactored.service.ts,<anonymous>,476,Rank-11
642556,Bad use of null-like value,Medium,New,01/19/26,Unassigned,Unclassified,Unspecified,Undecided,Other,Null pointer dereferences,/Users/zax/Documents/Project_TPA_SCAN/VA146/TPA-F02/src/export-files/export-files.service.ts,<anonymous>,476,Rank-11
642552,Property access or function call before check for null or undefined,Medium,New,01/19/26,Unassigned,Unclassified,Unspecified,Undecided,Other,Null pointer dereferences,/Users/zax/Documents/Project_TPA_SCAN/VA146/TPA-F02/src/event/event.service.ts,<anonymous>,476,Rank-11
642549,Property access or function call before check for null or undefined,Medium,New,01/19/26,Unassigned,Unclassified,Unspecified,Undecided,Other,Null pointer dereferences,/Users/zax/Documents/Project_TPA_SCAN/VA146/TPA-F02/src/capacity-v2/capacity-v2.service.ts,<anonymous>,476,Rank-11
642545,Property access or function call before check for null or undefined,Medium,New,01/19/26,Unassigned,Unclassified,Unspecified,Undecided,Other,Null pointer dereferences,/Users/zax/Documents/Project_TPA_SCAN/VA146/TPA-F02/src/event/event.service.ts,<anonymous>,476,Rank-11
642542,Bad use of null-like value,Medium,New,01/19/26,Unassigned,Unclassified,Unspecified,Undecided,Other,Null pointer dereferences,/Users/zax/Documents/Project_TPA_SCAN/VA146/TPA-F02/src/submission-file/submission-file2.service.ts,<anonymous>,476,Rank-11
642540,Property access or function call before check for null or undefined,Medium,New,01/19/26,Unassigned,Unclassified,Unspecified,Undecided,Other,Null pointer dereferences,/Users/zax/Documents/Project_TPA_SCAN/VA146/TPA-F02/src/balancing/balancing.service.ts,<anonymous>,476,Rank-11
642538,Property access or function call before check for null or undefined,Medium,New,01/19/26,Unassigned,Unclassified,Unspecified,Undecided,Other,Null pointer dereferences,/Users/zax/Documents/Project_TPA_SCAN/VA146/TPA-F02/src/export-files/export-files.service.ts,<anonymous>,476,Rank-11
642532,Bad use of null-like value,Medium,New,01/19/26,Unassigned,Unclassified,Unspecified,Undecided,Other,Null pointer dereferences,/Users/zax/Documents/Project_TPA_SCAN/VA146/TPA-F02/src/submission-file/submission-file.service.ts,<anonymous>,476,Rank-11
642529,Bad use of null-like value,Medium,New,01/19/26,Unassigned,Unclassified,Unspecified,Undecided,Other,Null pointer dereferences,/Users/zax/Documents/Project_TPA_SCAN/VA146/TPA-F02/src/tariff/tariff.service.ts,<anonymous>,476,Rank-11
642524,Property access or function call before check for null or undefined,Medium,New,01/19/26,Unassigned,Unclassified,Unspecified,Undecided,Other,Null pointer dereferences,/Users/zax/Documents/Project_TPA_SCAN/VA146/TPA-F02/src/balancing/balancing.service.ts,<anonymous>,476,Rank-11
642520,Property access or function call before check for null or undefined,Medium,New,01/19/26,Unassigned,Unclassified,Unspecified,Undecided,Other,Null pointer dereferences,/Users/zax/Documents/Project_TPA_SCAN/VA146/TPA-F02/src/allocation/allocation.service.ts,<anonymous>,476,Rank-11
642513,Property access or function call before check for null or undefined,Medium,New,01/19/26,Unassigned,Unclassified,Unspecified,Undecided,Other,Null pointer dereferences,/Users/zax/Documents/Project_TPA_SCAN/VA146/TPA-F02/src/capacity-v2/capacity-v2-2.service.ts,<anonymous>,476,Rank-11
642506,Property access or function call before check for null or undefined,Medium,New,01/19/26,Unassigned,Unclassified,Unspecified,Undecided,Other,Null pointer dereferences,/Users/zax/Documents/Project_TPA_SCAN/VA146/TPA-F02/src/capacity-v2/capacity-middle.service.ts,<anonymous>,476,Rank-11
642503,Property access or function call before check for null or undefined,Medium,New,01/19/26,Unassigned,Unclassified,Unspecified,Undecided,Other,Null pointer dereferences,/Users/zax/Documents/Project_TPA_SCAN/VA146/TPA-F02/src/export-files/export-files.service.ts,<anonymous>,476,Rank-11
642502,Property access or function call before check for null or undefined,Medium,New,01/19/26,Unassigned,Unclassified,Unspecified,Undecided,Other,Null pointer dereferences,/Users/zax/Documents/Project_TPA_SCAN/VA146/TPA-F02/src/minimum-inventory-summary/minimum-inventory-summary.service.ts,<anonymous>,476,Rank-11
642499,Bad use of null-like value,Medium,New,01/19/26,Unassigned,Unclassified,Unspecified,Undecided,Other,Null pointer dereferences,/Users/zax/Documents/Project_TPA_SCAN/VA146/TPA-F02/src/export-files/export-files.service.ts,<anonymous>,476,Rank-11
642495,Logically dead code,Medium,New,01/19/26,Unassigned,Unclassified,Unspecified,Undecided,Other,Control flow issues,/Users/zax/Documents/Project_TPA_SCAN/VA146/TPA-F02/src/balancing/balancing.service.ts,<anonymous>,561,None
642494,Property access or function call before check for null or undefined,Medium,New,01/19/26,Unassigned,Unclassified,Unspecified,Undecided,Other,Null pointer dereferences,/Users/zax/Documents/Project_TPA_SCAN/VA146/TPA-F02/src/event/event.service.ts,<anonymous>,476,Rank-11
642491,Property access or function call before check for null or undefined,Medium,New,01/19/26,Unassigned,Unclassified,Unspecified,Undecided,Other,Null pointer dereferences,/Users/zax/Documents/Project_TPA_SCAN/VA146/TPA-F02/src/event/event.service.ts,<anonymous>,476,Rank-11
642484,Property access or function call before check for null or undefined,Medium,New,01/19/26,Unassigned,Unclassified,Unspecified,Undecided,Other,Null pointer dereferences,/Users/zax/Documents/Project_TPA_SCAN/VA146/TPA-F02/src/summary-nomination-report/summary-nomination-report.service.ts,<anonymous>,476,Rank-11
642482,Property access or function call before check for null or undefined,Medium,New,01/19/26,Unassigned,Unclassified,Unspecified,Undecided,Other,Null pointer dereferences,/Users/zax/Documents/Project_TPA_SCAN/VA146/TPA-F02/src/export-files/export-files.service.ts,<anonymous>,476,Rank-11
642480,Property access or function call before check for null or undefined,Medium,New,01/19/26,Unassigned,Unclassified,Unspecified,Undecided,Other,Null pointer dereferences,/Users/zax/Documents/Project_TPA_SCAN/VA146/TPA-F02/src/event/event.service.ts,<anonymous>,476,Rank-11
642477,Bad use of null-like value,Medium,New,01/19/26,Unassigned,Unclassified,Unspecified,Undecided,Other,Null pointer dereferences,/Users/zax/Documents/Project_TPA_SCAN/VA146/TPA-F02/src/submission-file/submission-file-refactored.service.ts,<anonymous>,476,Rank-11
642476,Bad use of null-like value,Medium,New,01/19/26,Unassigned,Unclassified,Unspecified,Undecided,Other,Null pointer dereferences,/Users/zax/Documents/Project_TPA_SCAN/VA146/TPA-F02/src/allocation/allocation.service.ts,<anonymous>,476,Rank-11
642475,Bad use of null-like value,Medium,New,01/19/26,Unassigned,Unclassified,Unspecified,Undecided,Other,Null pointer dereferences,/Users/zax/Documents/Project_TPA_SCAN/VA146/TPA-F02/src/export-files/export-files.service.ts,<anonymous>,476,Rank-11
642474,Property access or function call before check for null or undefined,Medium,New,01/19/26,Unassigned,Unclassified,Unspecified,Undecided,Other,Null pointer dereferences,/Users/zax/Documents/Project_TPA_SCAN/VA146/TPA-F02/src/export-files/export-files.service.ts,<anonymous>,476,Rank-11
642473,Property access or function call before check for null or undefined,Medium,New,01/19/26,Unassigned,Unclassified,Unspecified,Undecided,Other,Null pointer dereferences,/Users/zax/Documents/Project_TPA_SCAN/VA146/TPA-F02/src/capacity-v2/capacity-v2.service.ts,<anonymous>,476,Rank-11
642470,Bad use of null-like value,Medium,New,01/19/26,Unassigned,Unclassified,Unspecified,Undecided,Other,Null pointer dereferences,/Users/zax/Documents/Project_TPA_SCAN/VA146/TPA-F02/src/path-management/path-management.service.ts,<anonymous>,476,Rank-11
642468,Bad use of null-like value,Medium,New,01/19/26,Unassigned,Unclassified,Unspecified,Undecided,Other,Null pointer dereferences,/Users/zax/Documents/Project_TPA_SCAN/VA146/TPA-F02/src/allocation/allocation.service.ts,<anonymous>,476,Rank-11
642467,Logically dead code,Medium,New,01/19/26,Unassigned,Unclassified,Unspecified,Undecided,Other,Control flow issues,/Users/zax/Documents/Project_TPA_SCAN/VA146/TPA-F02/src/capacity-v2/capacity-middle.service.ts,<anonymous>,561,None
642466,Property access or function call before check for null or undefined,Medium,New,01/19/26,Unassigned,Unclassified,Unspecified,Undecided,Other,Null pointer dereferences,/Users/zax/Documents/Project_TPA_SCAN/VA146/TPA-F02/src/summary-nomination-report/summary-nomination-report.service.ts,<anonymous>,476,Rank-11
642461,Logically dead code,Medium,New,01/19/26,Unassigned,Unclassified,Unspecified,Undecided,Other,Control flow issues,/Users/zax/Documents/Project_TPA_SCAN/VA146/TPA-F02/src/export-files/export-file-tariff-commodity-a2.service.ts,<anonymous>,561,None
642460,Logically dead code,Medium,New,01/19/26,Unassigned,Unclassified,Unspecified,Undecided,Other,Control flow issues,/Users/zax/Documents/Project_TPA_SCAN/VA146/TPA-F02/src/balancing/balancing.service.ts,<anonymous>,561,None
642459,Bad use of null-like value,Medium,New,01/19/26,Unassigned,Unclassified,Unspecified,Undecided,Other,Null pointer dereferences,/Users/zax/Documents/Project_TPA_SCAN/VA146/TPA-F02/src/allocation/allocation.service.ts,<anonymous>,476,Rank-11
642458,Property access or function call before check for null or undefined,Medium,New,01/19/26,Unassigned,Unclassified,Unspecified,Undecided,Other,Null pointer dereferences,/Users/zax/Documents/Project_TPA_SCAN/VA146/TPA-F02/src/capacity-v2/capacity-middle.service.ts,<anonymous>,476,Rank-11
642457,Bad use of null-like value,Medium,New,01/19/26,Unassigned,Unclassified,Unspecified,Undecided,Other,Null pointer dereferences,/Users/zax/Documents/Project_TPA_SCAN/VA146/TPA-F02/src/export-files/export-files.service.ts,<anonymous>,476,Rank-11
642456,Bad use of null-like value,Medium,New,01/19/26,Unassigned,Unclassified,Unspecified,Undecided,Other,Null pointer dereferences,/Users/zax/Documents/Project_TPA_SCAN/VA146/TPA-F02/src/allocation/allocation.service.ts,<anonymous>,476,Rank-11
642454,Property access or function call before check for null or undefined,Medium,New,01/19/26,Unassigned,Unclassified,Unspecified,Undecided,Other,Null pointer dereferences,/Users/zax/Documents/Project_TPA_SCAN/VA146/TPA-F02/src/event/event.service.ts,<anonymous>,476,Rank-11
642453,Property access or function call before check for null or undefined,Medium,New,01/19/26,Unassigned,Unclassified,Unspecified,Undecided,Other,Null pointer dereferences,/Users/zax/Documents/Project_TPA_SCAN/VA146/TPA-F02/src/balancing/balancing.service.ts,<anonymous>,476,Rank-11
642450,Property access or function call before check for null or undefined,Medium,New,01/19/26,Unassigned,Unclassified,Unspecified,Undecided,Other,Null pointer dereferences,/Users/zax/Documents/Project_TPA_SCAN/VA146/TPA-F02/src/event/event.service.ts,<anonymous>,476,Rank-11
642446,Property access or function call before check for null or undefined,Medium,New,01/19/26,Unassigned,Unclassified,Unspecified,Undecided,Other,Null pointer dereferences,/Users/zax/Documents/Project_TPA_SCAN/VA146/TPA-F02/src/export-files/export-files.service.ts,<anonymous>,476,Rank-11
642445,Bad use of null-like value,Medium,New,01/19/26,Unassigned,Unclassified,Unspecified,Undecided,Other,Null pointer dereferences,/Users/zax/Documents/Project_TPA_SCAN/VA146/TPA-F02/src/submission-file/submission-file-refactored.service.ts,<anonymous>,476,Rank-11
642442,Property access or function call before check for null or undefined,Medium,New,01/19/26,Unassigned,Unclassified,Unspecified,Undecided,Other,Null pointer dereferences,/Users/zax/Documents/Project_TPA_SCAN/VA146/TPA-F02/src/quality-planning/quality-planning.service.ts,<anonymous>,476,Rank-11
642441,Property access or function call before check for null or undefined,Medium,New,01/19/26,Unassigned,Unclassified,Unspecified,Undecided,Other,Null pointer dereferences,/Users/zax/Documents/Project_TPA_SCAN/VA146/TPA-F02/src/event/event.service.ts,<anonymous>,476,Rank-11
642438,Property access or function call before check for null or undefined,Medium,New,01/19/26,Unassigned,Unclassified,Unspecified,Undecided,Other,Null pointer dereferences,/Users/zax/Documents/Project_TPA_SCAN/VA146/TPA-F02/src/balancing/balancing.service.ts,<anonymous>,476,Rank-11
642436,Property access or function call before check for null or undefined,Medium,New,01/19/26,Unassigned,Unclassified,Unspecified,Undecided,Other,Null pointer dereferences,/Users/zax/Documents/Project_TPA_SCAN/VA146/TPA-F02/src/export-files/export-files.service.ts,<anonymous>,476,Rank-11
642433,Property access or function call before check for null or undefined,Medium,New,01/19/26,Unassigned,Unclassified,Unspecified,Undecided,Other,Null pointer dereferences,/Users/zax/Documents/Project_TPA_SCAN/VA146/TPA-F02/src/balancing/balancing.service.ts,<anonymous>,476,Rank-11
642429,Property access or function call before check for null or undefined,Medium,New,01/19/26,Unassigned,Unclassified,Unspecified,Undecided,Other,Null pointer dereferences,/Users/zax/Documents/Project_TPA_SCAN/VA146/TPA-F02/src/balancing/balancing.service.ts,<anonymous>,476,Rank-11
642427,Bad use of null-like value,Medium,New,01/19/26,Unassigned,Unclassified,Unspecified,Undecided,Other,Null pointer dereferences,/Users/zax/Documents/Project_TPA_SCAN/VA146/TPA-F02/src/daily-adjustment/daily-adjustment.service.ts,<anonymous>,476,Rank-11
642426,Property access or function call before check for null or undefined,Medium,New,01/19/26,Unassigned,Unclassified,Unspecified,Undecided,Other,Null pointer dereferences,/Users/zax/Documents/Project_TPA_SCAN/VA146/TPA-F02/src/daily-adjustment/daily-adjustment.service.ts,<anonymous>,476,Rank-11
642425,Property access or function call before check for null or undefined,Medium,New,01/19/26,Unassigned,Unclassified,Unspecified,Undecided,Other,Null pointer dereferences,/Users/zax/Documents/Project_TPA_SCAN/VA146/TPA-F02/src/event/event.service.ts,<anonymous>,476,Rank-11
642422,Property access or function call before check for null or undefined,Medium,New,01/19/26,Unassigned,Unclassified,Unspecified,Undecided,Other,Null pointer dereferences,/Users/zax/Documents/Project_TPA_SCAN/VA146/TPA-F02/src/balancing/balancing.service.ts,<anonymous>,476,Rank-11
642421,Property access or function call before check for null or undefined,Medium,New,01/19/26,Unassigned,Unclassified,Unspecified,Undecided,Other,Null pointer dereferences,/Users/zax/Documents/Project_TPA_SCAN/VA146/TPA-F02/src/event/event.service.ts,<anonymous>,476,Rank-11
642416,Property access or function call before check for null or undefined,Medium,New,01/19/26,Unassigned,Unclassified,Unspecified,Undecided,Other,Null pointer dereferences,/Users/zax/Documents/Project_TPA_SCAN/VA146/TPA-F02/src/query-shipper-nomination-file/query-shipper-nomination-file.service.ts,<anonymous>,476,Rank-11
642412,Property access or function call before check for null or undefined,Medium,New,01/19/26,Unassigned,Unclassified,Unspecified,Undecided,Other,Null pointer dereferences,/Users/zax/Documents/Project_TPA_SCAN/VA146/TPA-F02/src/event/event.service.ts,<anonymous>,476,Rank-11
642410,Property access or function call before check for null or undefined,Medium,New,01/19/26,Unassigned,Unclassified,Unspecified,Undecided,Other,Null pointer dereferences,/Users/zax/Documents/Project_TPA_SCAN/VA146/TPA-F02/src/parking-allocation/parking-allocation.service.ts,<anonymous>,476,Rank-11
642407,Property access or function call before check for null or undefined,Medium,New,01/19/26,Unassigned,Unclassified,Unspecified,Undecided,Other,Null pointer dereferences,/Users/zax/Documents/Project_TPA_SCAN/VA146/TPA-F02/src/event/event.service.ts,<anonymous>,476,Rank-11
642406,Property access or function call before check for null or undefined,Medium,New,01/19/26,Unassigned,Unclassified,Unspecified,Undecided,Other,Null pointer dereferences,/Users/zax/Documents/Project_TPA_SCAN/VA146/TPA-F02/src/quality-planning/quality-planning.service.ts,<anonymous>,476,Rank-11
642405,Property access or function call before check for null or undefined,Medium,New,01/19/26,Unassigned,Unclassified,Unspecified,Undecided,Other,Null pointer dereferences,/Users/zax/Documents/Project_TPA_SCAN/VA146/TPA-F02/src/allocation/allocation.service.ts,<anonymous>,476,Rank-11
642403,Property access or function call before check for null or undefined,Medium,New,01/19/26,Unassigned,Unclassified,Unspecified,Undecided,Other,Null pointer dereferences,/Users/zax/Documents/Project_TPA_SCAN/VA146/TPA-F02/src/capacity-v2/capacity-middle.service.ts,<anonymous>,476,Rank-11
642402,Property access or function call before check for null or undefined,Medium,New,01/19/26,Unassigned,Unclassified,Unspecified,Undecided,Other,Null pointer dereferences,/Users/zax/Documents/Project_TPA_SCAN/VA146/TPA-F02/src/event/event.service.ts,<anonymous>,476,Rank-11
642401,Property access or function call before check for null or undefined,Medium,New,01/19/26,Unassigned,Unclassified,Unspecified,Undecided,Other,Null pointer dereferences,/Users/zax/Documents/Project_TPA_SCAN/VA146/TPA-F02/src/quality-evaluation/quality-evaluation.service.ts,<anonymous>,476,Rank-11
642400,Property access or function call before check for null or undefined,Medium,New,01/19/26,Unassigned,Unclassified,Unspecified,Undecided,Other,Null pointer dereferences,/Users/zax/Documents/Project_TPA_SCAN/VA146/TPA-F02/src/daily-adjustment/daily-adjustment.service.ts,<anonymous>,476,Rank-11
642399,Property access or function call before check for null or undefined,Medium,New,01/19/26,Unassigned,Unclassified,Unspecified,Undecided,Other,Null pointer dereferences,/Users/zax/Documents/Project_TPA_SCAN/VA146/TPA-F02/src/capacity-v2/capacity-middle.service.ts,<anonymous>,476,Rank-11
642397,Property access or function call before check for null or undefined,Medium,New,01/19/26,Unassigned,Unclassified,Unspecified,Undecided,Other,Null pointer dereferences,/Users/zax/Documents/Project_TPA_SCAN/VA146/TPA-F02/src/capacity-v2/capacity-middle.service.ts,<anonymous>,476,Rank-11
642395,Bad use of null-like value,Medium,New,01/19/26,Unassigned,Unclassified,Unspecified,Undecided,Other,Null pointer dereferences,/Users/zax/Documents/Project_TPA_SCAN/VA146/TPA-F02/src/allocation/allocation.service.ts,<anonymous>,476,Rank-11
642394,Property access or function call before check for null or undefined,Medium,New,01/19/26,Unassigned,Unclassified,Unspecified,Undecided,Other,Null pointer dereferences,/Users/zax/Documents/Project_TPA_SCAN/VA146/TPA-F02/src/allocation/allocation.service.ts,<anonymous>,476,Rank-11
642393,Bad use of null-like value,Medium,New,01/19/26,Unassigned,Unclassified,Unspecified,Undecided,Other,Null pointer dereferences,/Users/zax/Documents/Project_TPA_SCAN/VA146/TPA-F02/src/allocation/allocation.service.ts,<anonymous>,476,Rank-11
642392,Property access or function call before check for null or undefined,Medium,New,01/19/26,Unassigned,Unclassified,Unspecified,Undecided,Other,Null pointer dereferences,/Users/zax/Documents/Project_TPA_SCAN/VA146/TPA-F02/src/minimum-inventory-summary/minimum-inventory-summary.service.ts,<anonymous>,476,Rank-11
642389,Property access or function call before check for null or undefined,Medium,New,01/19/26,Unassigned,Unclassified,Unspecified,Undecided,Other,Null pointer dereferences,/Users/zax/Documents/Project_TPA_SCAN/VA146/TPA-F02/src/daily-adjustment/daily-adjustment.service.ts,<anonymous>,476,Rank-11
642388,Property access or function call before check for null or undefined,Medium,New,01/19/26,Unassigned,Unclassified,Unspecified,Undecided,Other,Null pointer dereferences,/Users/zax/Documents/Project_TPA_SCAN/VA146/TPA-F02/src/release-uioli-summary-management/release-uioli-summary-management.service.ts,<anonymous>,476,Rank-11
642387,Bad use of null-like value,Medium,New,01/19/26,Unassigned,Unclassified,Unspecified,Undecided,Other,Null pointer dereferences,/Users/zax/Documents/Project_TPA_SCAN/VA146/TPA-F02/src/export-files/export-files.service.ts,<anonymous>,476,Rank-11
642386,Property access or function call before check for null or undefined,Medium,New,01/19/26,Unassigned,Unclassified,Unspecified,Undecided,Other,Null pointer dereferences,/Users/zax/Documents/Project_TPA_SCAN/VA146/TPA-F02/src/event/event.service.ts,<anonymous>,476,Rank-11
642385,Logically dead code,Medium,New,01/19/26,Unassigned,Unclassified,Unspecified,Undecided,Other,Control flow issues,/Users/zax/Documents/Project_TPA_SCAN/VA146/TPA-F02/src/balancing/balancing.service.ts,<anonymous>,561,None
642384,Property access or function call before check for null or undefined,Medium,New,01/19/26,Unassigned,Unclassified,Unspecified,Undecided,Other,Null pointer dereferences,/Users/zax/Documents/Project_TPA_SCAN/VA146/TPA-F02/src/tariff/tariff.service.ts,<anonymous>,476,Rank-11
642382,Property access or function call before check for null or undefined,Medium,New,01/19/26,Unassigned,Unclassified,Unspecified,Undecided,Other,Null pointer dereferences,/Users/zax/Documents/Project_TPA_SCAN/VA146/TPA-F02/src/export-files/export-files.service.ts,<anonymous>,476,Rank-11
642380,Property access or function call before check for null or undefined,Medium,New,01/19/26,Unassigned,Unclassified,Unspecified,Undecided,Other,Null pointer dereferences,/Users/zax/Documents/Project_TPA_SCAN/VA146/TPA-F02/src/event/event.service.ts,<anonymous>,476,Rank-11
642377,Property access or function call before check for null or undefined,Medium,New,01/19/26,Unassigned,Unclassified,Unspecified,Undecided,Other,Null pointer dereferences,/Users/zax/Documents/Project_TPA_SCAN/VA146/TPA-F02/src/allocation/allocation.service.ts,<anonymous>,476,Rank-11
642374,Property access or function call before check for null or undefined,Medium,New,01/19/26,Unassigned,Unclassified,Unspecified,Undecided,Other,Null pointer dereferences,/Users/zax/Documents/Project_TPA_SCAN/VA146/TPA-F02/src/allocation/allocation.service.ts,<anonymous>,476,Rank-11
642371,Logically dead code,Medium,New,01/19/26,Unassigned,Unclassified,Unspecified,Undecided,Other,Control flow issues,/Users/zax/Documents/Project_TPA_SCAN/VA146/TPA-F02/src/capacity-v2/capacity-v2.service.ts,<anonymous>,561,None
642367,Property access or function call before check for null or undefined,Medium,New,01/19/26,Unassigned,Unclassified,Unspecified,Undecided,Other,Null pointer dereferences,/Users/zax/Documents/Project_TPA_SCAN/VA146/TPA-F02/src/balancing/balancing.service.ts,<anonymous>,476,Rank-11
642366,Property access or function call before check for null or undefined,Medium,New,01/19/26,Unassigned,Unclassified,Unspecified,Undecided,Other,Null pointer dereferences,/Users/zax/Documents/Project_TPA_SCAN/VA146/TPA-F02/src/balancing/balancing.service.ts,<anonymous>,476,Rank-11
642365,Property access or function call before check for null or undefined,Medium,New,01/19/26,Unassigned,Unclassified,Unspecified,Undecided,Other,Null pointer dereferences,/Users/zax/Documents/Project_TPA_SCAN/VA146/TPA-F02/src/daily-adjustment/daily-adjustment.service.ts,<anonymous>,476,Rank-11
642360,Property access or function call before check for null or undefined,Medium,New,01/19/26,Unassigned,Unclassified,Unspecified,Undecided,Other,Null pointer dereferences,/Users/zax/Documents/Project_TPA_SCAN/VA146/TPA-F02/src/export-files/export-files.service.ts,<anonymous>,476,Rank-11
642358,Property access or function call before check for null or undefined,Medium,New,01/19/26,Unassigned,Unclassified,Unspecified,Undecided,Other,Null pointer dereferences,/Users/zax/Documents/Project_TPA_SCAN/VA146/TPA-F02/src/event/event.service.ts,<anonymous>,476,Rank-11
642357,Property access or function call before check for null or undefined,Medium,New,01/19/26,Unassigned,Unclassified,Unspecified,Undecided,Other,Null pointer dereferences,/Users/zax/Documents/Project_TPA_SCAN/VA146/TPA-F02/src/event/event.service.ts,<anonymous>,476,Rank-11
642354,Property access or function call before check for null or undefined,Medium,New,01/19/26,Unassigned,Unclassified,Unspecified,Undecided,Other,Null pointer dereferences,/Users/zax/Documents/Project_TPA_SCAN/VA146/TPA-F02/src/daily-adjustment/daily-adjustment.service.ts,<anonymous>,476,Rank-11
642351,Property access or function call before check for null or undefined,Medium,New,01/19/26,Unassigned,Unclassified,Unspecified,Undecided,Other,Null pointer dereferences,/Users/zax/Documents/Project_TPA_SCAN/VA146/TPA-F02/src/parking-allocation/parking-allocation.service.ts,<anonymous>,476,Rank-11
642350,Property access or function call before check for null or undefined,Medium,New,01/19/26,Unassigned,Unclassified,Unspecified,Undecided,Other,Null pointer dereferences,/Users/zax/Documents/Project_TPA_SCAN/VA146/TPA-F02/src/event/event.service.ts,<anonymous>,476,Rank-11
642349,Bad use of null-like value,Medium,New,01/19/26,Unassigned,Unclassified,Unspecified,Undecided,Other,Null pointer dereferences,/Users/zax/Documents/Project_TPA_SCAN/VA146/TPA-F02/src/balancing/balancing.service.ts,<anonymous>,476,Rank-11
642348,Property access or function call before check for null or undefined,Medium,New,01/19/26,Unassigned,Unclassified,Unspecified,Undecided,Other,Null pointer dereferences,/Users/zax/Documents/Project_TPA_SCAN/VA146/TPA-F02/src/query-shipper-nomination-file/query-shipper-nomination-file.service.ts,<anonymous>,476,Rank-11
642345,Property access or function call before check for null or undefined,Medium,New,01/19/26,Unassigned,Unclassified,Unspecified,Undecided,Other,Null pointer dereferences,/Users/zax/Documents/Project_TPA_SCAN/VA146/TPA-F02/src/allocation/allocation.service.ts,<anonymous>,476,Rank-11
642343,Property access or function call before check for null or undefined,Medium,New,01/19/26,Unassigned,Unclassified,Unspecified,Undecided,Other,Null pointer dereferences,/Users/zax/Documents/Project_TPA_SCAN/VA146/TPA-F02/src/event/event.service.ts,<anonymous>,476,Rank-11
642339,Logically dead code,Medium,New,01/19/26,Unassigned,Unclassified,Unspecified,Undecided,Other,Control flow issues,/Users/zax/Documents/Project_TPA_SCAN/VA146/TPA-F02/src/capacity-v2/capacity-v2.service.ts,<anonymous>,561,None
642337,Logically dead code,Medium,New,01/19/26,Unassigned,Unclassified,Unspecified,Undecided,Other,Control flow issues,/Users/zax/Documents/Project_TPA_SCAN/VA146/TPA-F02/src/tariff/tariff.service.ts,<anonymous>,561,None
642335,Bad use of null-like value,Medium,New,01/19/26,Unassigned,Unclassified,Unspecified,Undecided,Other,Null pointer dereferences,/Users/zax/Documents/Project_TPA_SCAN/VA146/TPA-F02/src/allocation/allocation.service.ts,<anonymous>,476,Rank-11
642334,Property access or function call before check for null or undefined,Medium,New,01/19/26,Unassigned,Unclassified,Unspecified,Undecided,Other,Null pointer dereferences,/Users/zax/Documents/Project_TPA_SCAN/VA146/TPA-F02/src/balancing/balancing.service.ts,<anonymous>,476,Rank-11
642333,Property access or function call before check for null or undefined,Medium,New,01/19/26,Unassigned,Unclassified,Unspecified,Undecided,Other,Null pointer dereferences,/Users/zax/Documents/Project_TPA_SCAN/VA146/TPA-F02/src/balancing/balancing.service.ts,<anonymous>,476,Rank-11
642332,Bad use of null-like value,Medium,New,01/19/26,Unassigned,Unclassified,Unspecified,Undecided,Other,Null pointer dereferences,/Users/zax/Documents/Project_TPA_SCAN/VA146/TPA-F02/src/submission-file/submission-file-refactored.service.ts,<anonymous>,476,Rank-11
642331,Property access or function call before check for null or undefined,Medium,New,01/19/26,Unassigned,Unclassified,Unspecified,Undecided,Other,Null pointer dereferences,/Users/zax/Documents/Project_TPA_SCAN/VA146/TPA-F02/src/balancing/balancing.service.ts,<anonymous>,476,Rank-11
642326,Bad use of null-like value,Medium,New,01/19/26,Unassigned,Unclassified,Unspecified,Undecided,Other,Null pointer dereferences,/Users/zax/Documents/Project_TPA_SCAN/VA146/TPA-F02/src/parking-allocation/parking-allocation.service.ts,<anonymous>,476,Rank-11
642323,Bad use of null-like value,Medium,New,01/19/26,Unassigned,Unclassified,Unspecified,Undecided,Other,Null pointer dereferences,/Users/zax/Documents/Project_TPA_SCAN/VA146/TPA-F02/src/balancing/balancing.service.ts,<anonymous>,476,Rank-11
642320,Property access or function call before check for null or undefined,Medium,New,01/19/26,Unassigned,Unclassified,Unspecified,Undecided,Other,Null pointer dereferences,/Users/zax/Documents/Project_TPA_SCAN/VA146/TPA-F02/src/capacity-publication/capacity-publication.service.ts,<anonymous>,476,Rank-11
642317,Property access or function call before check for null or undefined,Medium,New,01/19/26,Unassigned,Unclassified,Unspecified,Undecided,Other,Null pointer dereferences,/Users/zax/Documents/Project_TPA_SCAN/VA146/TPA-F02/src/balancing/balancing.service.ts,<anonymous>,476,Rank-11
642316,Property access or function call before check for null or undefined,Medium,New,01/19/26,Unassigned,Unclassified,Unspecified,Undecided,Other,Null pointer dereferences,/Users/zax/Documents/Project_TPA_SCAN/VA146/TPA-F02/src/export-files/export-files.service.ts,<anonymous>,476,Rank-11
642314,Bad use of null-like value,Medium,New,01/19/26,Unassigned,Unclassified,Unspecified,Undecided,Other,Null pointer dereferences,/Users/zax/Documents/Project_TPA_SCAN/VA146/TPA-F02/src/capacity-v2/capacity-middle.service.ts,<anonymous>,476,Rank-11
642312,Bad use of null-like value,Medium,New,01/19/26,Unassigned,Unclassified,Unspecified,Undecided,Other,Null pointer dereferences,/Users/zax/Documents/Project_TPA_SCAN/VA146/TPA-F02/src/query-shipper-nomination-file/query-shipper-nomination-file.service.ts,<anonymous>,476,Rank-11
642310,Bad use of null-like value,Medium,New,01/19/26,Unassigned,Unclassified,Unspecified,Undecided,Other,Null pointer dereferences,/Users/zax/Documents/Project_TPA_SCAN/VA146/TPA-F02/src/capacity-v2/capacity-middle.service.ts,<anonymous>,476,Rank-11
642309,Property access or function call before check for null or undefined,Medium,New,01/19/26,Unassigned,Unclassified,Unspecified,Undecided,Other,Null pointer dereferences,/Users/zax/Documents/Project_TPA_SCAN/VA146/TPA-F02/src/capacity-publication/capacity-publication.service.ts,<anonymous>,476,Rank-11
642308,Property access or function call before check for null or undefined,Medium,New,01/19/26,Unassigned,Unclassified,Unspecified,Undecided,Other,Null pointer dereferences,/Users/zax/Documents/Project_TPA_SCAN/VA146/TPA-F02/src/capacity-v2/capacity-middle.service.ts,<anonymous>,476,Rank-11
642304,Property access or function call before check for null or undefined,Medium,New,01/19/26,Unassigned,Unclassified,Unspecified,Undecided,Other,Null pointer dereferences,/Users/zax/Documents/Project_TPA_SCAN/VA146/TPA-F02/src/capacity-v2/capacity-middle.service.ts,<anonymous>,476,Rank-11
642301,Logically dead code,Medium,New,01/19/26,Unassigned,Unclassified,Unspecified,Undecided,Other,Control flow issues,/Users/zax/Documents/Project_TPA_SCAN/VA146/TPA-F02/src/balancing/balancing.service.ts,<anonymous>,561,None
642300,Logically dead code,Medium,New,01/19/26,Unassigned,Unclassified,Unspecified,Undecided,Other,Control flow issues,/Users/zax/Documents/Project_TPA_SCAN/VA146/TPA-F02/src/balancing/balancing.service.ts,<anonymous>,561,None
642298,Property access or function call before check for null or undefined,Medium,New,01/19/26,Unassigned,Unclassified,Unspecified,Undecided,Other,Null pointer dereferences,/Users/zax/Documents/Project_TPA_SCAN/VA146/TPA-F02/src/event/event.service.ts,<anonymous>,476,Rank-11
642297,Property access or function call before check for null or undefined,Medium,New,01/19/26,Unassigned,Unclassified,Unspecified,Undecided,Other,Null pointer dereferences,/Users/zax/Documents/Project_TPA_SCAN/VA146/TPA-F02/src/common/utils/balancing.util.ts,<anonymous>,476,Rank-11
642294,Bad use of null-like value,Medium,New,01/19/26,Unassigned,Unclassified,Unspecified,Undecided,Other,Null pointer dereferences,/Users/zax/Documents/Project_TPA_SCAN/VA146/TPA-F02/src/balancing/balancing.service.ts,<anonymous>,476,Rank-11
642291,Property access or function call before check for null or undefined,Medium,New,01/19/26,Unassigned,Unclassified,Unspecified,Undecided,Other,Null pointer dereferences,/Users/zax/Documents/Project_TPA_SCAN/VA146/TPA-F02/src/tariff/tariff.service.ts,<anonymous>,476,Rank-11
642289,Property access or function call before check for null or undefined,Medium,New,01/19/26,Unassigned,Unclassified,Unspecified,Undecided,Other,Null pointer dereferences,/Users/zax/Documents/Project_TPA_SCAN/VA146/TPA-F02/src/balancing/balancing.service.ts,<anonymous>,476,Rank-11
642285,Bad use of null-like value,Medium,New,01/19/26,Unassigned,Unclassified,Unspecified,Undecided,Other,Null pointer dereferences,/Users/zax/Documents/Project_TPA_SCAN/VA146/TPA-F02/src/allocation/allocation.service.ts,<anonymous>,476,Rank-11
642283,Logically dead code,Medium,New,01/19/26,Unassigned,Unclassified,Unspecified,Undecided,Other,Control flow issues,/Users/zax/Documents/Project_TPA_SCAN/VA146/TPA-F02/src/export-files/export-file-tariff-commodity-a2.service.ts,<anonymous>,561,None
642281,Property access or function call before check for null or undefined,Medium,New,01/19/26,Unassigned,Unclassified,Unspecified,Undecided,Other,Null pointer dereferences,/Users/zax/Documents/Project_TPA_SCAN/VA146/TPA-F02/src/astos/astos.service.ts,<anonymous>,476,Rank-11
642481,Hard-coded secret,Medium,New,01/19/26,Unassigned,Unclassified,Unspecified,Undecided,Other,Sigma,/Users/zax/Documents/Project_TPA_SCAN/VA146/TPA-F02/src/ssl/ssl_private.key,,798,Rank-15
642448,Hard-coded secret,Low,New,01/19/26,Unassigned,Unclassified,Unspecified,Undecided,Other,Sigma,/Users/zax/Documents/Project_TPA_SCAN/VA146/TPA-F02/public/temps-table.json,,798,Rank-15
